wbs,section,discipline,week,date,scenario,quantity,scope_quantity,budget,projected_ev,evidence_type,origin
S1-1,S1,Track,30,2026-08-03,BASELINE,13.5,18,28800000.0,21600000.0,DERIVED,SIMULATED
S1-1,S1,Track,30,2026-08-03,CURRENT,13.339582212599726,18,28800000.0,21343331.540159564,DERIVED,SIMULATED
S1-1,S1,Track,30,2026-08-03,RECOVERY,13.339582212599726,18,28800000.0,21343331.540159564,DERIVED,SIMULATED
S1-1,S1,Track,31,2026-08-10,BASELINE,13.950000000000001,18,28800000.0,22320000.000000004,DERIVED,SIMULATED
S1-1,S1,Track,31,2026-08-10,CURRENT,13.77451424270825,18,28800000.0,22039222.7883332,DERIVED,SIMULATED
S1-1,S1,Track,31,2026-08-10,RECOVERY,13.88324725023538,18,28800000.0,22213195.60037661,DERIVED,SIMULATED
S1-1,S1,Track,32,2026-08-17,BASELINE,14.4,18,28800000.0,23040000.0,DERIVED,SIMULATED
S1-1,S1,Track,32,2026-08-17,CURRENT,14.209446272816772,18,28800000.0,22735114.036506835,DERIVED,SIMULATED
S1-1,S1,Track,32,2026-08-17,RECOVERY,14.426912287871033,18,28800000.0,23083059.66059365,DERIVED,SIMULATED
S1-1,S1,Track,33,2026-08-24,BASELINE,14.85,18,28800000.0,23760000.0,DERIVED,SIMULATED
S1-1,S1,Track,33,2026-08-24,CURRENT,14.644378302925293,18,28800000.0,23431005.28468047,DERIVED,SIMULATED
S1-1,S1,Track,33,2026-08-24,RECOVERY,14.970577325506687,18,28800000.0,23952923.720810696,DERIVED,SIMULATED
S1-1,S1,Track,34,2026-08-31,BASELINE,15.299999999999999,18,28800000.0,24479999.999999996,DERIVED,SIMULATED
S1-1,S1,Track,34,2026-08-31,CURRENT,15.079310333033817,18,28800000.0,24126896.532854106,DERIVED,SIMULATED
S1-1,S1,Track,34,2026-08-31,RECOVERY,15.51424236314234,18,28800000.0,24822787.781027745,DERIVED,SIMULATED
S1-1,S1,Track,35,2026-09-07,BASELINE,15.75,18,28800000.0,25200000.0,DERIVED,SIMULATED
S1-1,S1,Track,35,2026-09-07,CURRENT,15.51424236314234,18,28800000.0,24822787.781027745,DERIVED,SIMULATED
S1-1,S1,Track,35,2026-09-07,RECOVERY,16.057907400777992,18,28800000.0,25692651.841244787,DERIVED,SIMULATED
S1-1,S1,Track,36,2026-09-14,BASELINE,16.2,18,28800000.0,25920000.0,DERIVED,SIMULATED
S1-1,S1,Track,36,2026-09-14,CURRENT,15.949174393250862,18,28800000.0,25518679.029201377,DERIVED,SIMULATED
S1-1,S1,Track,36,2026-09-14,RECOVERY,16.601572438413648,18,28800000.0,26562515.901461836,DERIVED,SIMULATED
S1-1,S1,Track,37,2026-09-21,BASELINE,16.650000000000002,18,28800000.0,26640000.000000004,DERIVED,SIMULATED
S1-1,S1,Track,37,2026-09-21,CURRENT,16.384106423359384,18,28800000.0,26214570.277375016,DERIVED,SIMULATED
S1-1,S1,Track,37,2026-09-21,RECOVERY,17.1452374760493,18,28800000.0,27432379.961678877,DERIVED,SIMULATED
S1-1,S1,Track,38,2026-09-28,BASELINE,17.099999999999998,18,28800000.0,27359999.999999996,DERIVED,SIMULATED
S1-1,S1,Track,38,2026-09-28,CURRENT,16.819038453467908,18,28800000.0,26910461.52554865,DERIVED,SIMULATED
S1-1,S1,Track,38,2026-09-28,RECOVERY,17.68890251368495,18,28800000.0,28302244.021895923,DERIVED,SIMULATED
S1-1,S1,Track,39,2026-10-05,BASELINE,17.55,18,28800000.0,28080000.0,DERIVED,SIMULATED
S1-1,S1,Track,39,2026-10-05,CURRENT,17.25397048357643,18,28800000.0,27606352.77372229,DERIVED,SIMULATED
S1-1,S1,Track,39,2026-10-05,RECOVERY,18.0,18,28800000.0,28800000.0,DERIVED,SIMULATED
S1-1,S1,Track,40,2026-10-12,BASELINE,18.0,18,28800000.0,28800000.0,DERIVED,SIMULATED
S1-1,S1,Track,40,2026-10-12,CURRENT,17.68890251368495,18,28800000.0,28302244.021895923,DERIVED,SIMULATED
S1-1,S1,Track,40,2026-10-12,RECOVERY,18.0,18,28800000.0,28800000.0,DERIVED,SIMULATED
S1-1,S1,Track,41,2026-10-19,BASELINE,18.0,18,28800000.0,28800000.0,DERIVED,SIMULATED
S1-1,S1,Track,41,2026-10-19,CURRENT,18.0,18,28800000.0,28800000.0,DERIVED,SIMULATED
S1-1,S1,Track,41,2026-10-19,RECOVERY,18.0,18,28800000.0,28800000.0,DERIVED,SIMULATED
S1-1,S1,Track,42,2026-10-26,BASELINE,18.0,18,28800000.0,28800000.0,DERIVED,SIMULATED
S1-1,S1,Track,42,2026-10-26,CURRENT,18.0,18,28800000.0,28800000.0,DERIVED,SIMULATED
S1-1,S1,Track,42,2026-10-26,RECOVERY,18.0,18,28800000.0,28800000.0,DERIVED,SIMULATED
S1-1,S1,Track,43,2026-11-02,BASELINE,18.0,18,28800000.0,28800000.0,DERIVED,SIMULATED
S1-1,S1,Track,43,2026-11-02,CURRENT,18.0,18,28800000.0,28800000.0,DERIVED,SIMULATED
S1-1,S1,Track,43,2026-11-02,RECOVERY,18.0,18,28800000.0,28800000.0,DERIVED,SIMULATED
S1-1,S1,Track,44,2026-11-09,BASELINE,18.0,18,28800000.0,28800000.0,DERIVED,SIMULATED
S1-1,S1,Track,44,2026-11-09,CURRENT,18.0,18,28800000.0,28800000.0,DERIVED,SIMULATED
S1-1,S1,Track,44,2026-11-09,RECOVERY,18.0,18,28800000.0,28800000.0,DERIVED,SIMULATED
S1-1,S1,Track,45,2026-11-16,BASELINE,18.0,18,28800000.0,28800000.0,DERIVED,SIMULATED
S1-1,S1,Track,45,2026-11-16,CURRENT,18.0,18,28800000.0,28800000.0,DERIVED,SIMULATED
S1-1,S1,Track,45,2026-11-16,RECOVERY,18.0,18,28800000.0,28800000.0,DERIVED,SIMULATED
S1-1,S1,Track,46,2026-11-23,BASELINE,18.0,18,28800000.0,28800000.0,DERIVED,SIMULATED
S1-1,S1,Track,46,2026-11-23,CURRENT,18.0,18,28800000.0,28800000.0,DERIVED,SIMULATED
S1-1,S1,Track,46,2026-11-23,RECOVERY,18.0,18,28800000.0,28800000.0,DERIVED,SIMULATED
S1-1,S1,Track,47,2026-11-30,BASELINE,18.0,18,28800000.0,28800000.0,DERIVED,SIMULATED
S1-1,S1,Track,47,2026-11-30,CURRENT,18.0,18,28800000.0,28800000.0,DERIVED,SIMULATED
S1-1,S1,Track,47,2026-11-30,RECOVERY,18.0,18,28800000.0,28800000.0,DERIVED,SIMULATED
S1-1,S1,Track,48,2026-12-07,BASELINE,18.0,18,28800000.0,28800000.0,DERIVED,SIMULATED
S1-1,S1,Track,48,2026-12-07,CURRENT,18.0,18,28800000.0,28800000.0,DERIVED,SIMULATED
S1-1,S1,Track,48,2026-12-07,RECOVERY,18.0,18,28800000.0,28800000.0,DERIVED,SIMULATED
S1-1,S1,Track,49,2026-12-14,BASELINE,18.0,18,28800000.0,28800000.0,DERIVED,SIMULATED
S1-1,S1,Track,49,2026-12-14,CURRENT,18.0,18,28800000.0,28800000.0,DERIVED,SIMULATED
S1-1,S1,Track,49,2026-12-14,RECOVERY,18.0,18,28800000.0,28800000.0,DERIVED,SIMULATED
S1-1,S1,Track,50,2026-12-21,BASELINE,18.0,18,28800000.0,28800000.0,DERIVED,SIMULATED
S1-1,S1,Track,50,2026-12-21,CURRENT,18.0,18,28800000.0,28800000.0,DERIVED,SIMULATED
S1-1,S1,Track,50,2026-12-21,RECOVERY,18.0,18,28800000.0,28800000.0,DERIVED,SIMULATED
S1-1,S1,Track,51,2026-12-28,BASELINE,18.0,18,28800000.0,28800000.0,DERIVED,SIMULATED
S1-1,S1,Track,51,2026-12-28,CURRENT,18.0,18,28800000.0,28800000.0,DERIVED,SIMULATED
S1-1,S1,Track,51,2026-12-28,RECOVERY,18.0,18,28800000.0,28800000.0,DERIVED,SIMULATED
S1-1,S1,Track,52,2027-01-04,BASELINE,18.0,18,28800000.0,28800000.0,DERIVED,SIMULATED
S1-1,S1,Track,52,2027-01-04,CURRENT,18.0,18,28800000.0,28800000.0,DERIVED,SIMULATED
S1-1,S1,Track,52,2027-01-04,RECOVERY,18.0,18,28800000.0,28800000.0,DERIVED,SIMULATED
S1-1,S1,Track,53,2027-01-11,BASELINE,18.0,18,28800000.0,28800000.0,DERIVED,SIMULATED
S1-1,S1,Track,53,2027-01-11,CURRENT,18.0,18,28800000.0,28800000.0,DERIVED,SIMULATED
S1-1,S1,Track,53,2027-01-11,RECOVERY,18.0,18,28800000.0,28800000.0,DERIVED,SIMULATED
S1-1,S1,Track,54,2027-01-18,BASELINE,18.0,18,28800000.0,28800000.0,DERIVED,SIMULATED
S1-1,S1,Track,54,2027-01-18,CURRENT,18.0,18,28800000.0,28800000.0,DERIVED,SIMULATED
S1-1,S1,Track,54,2027-01-18,RECOVERY,18.0,18,28800000.0,28800000.0,DERIVED,SIMULATED
S1-1,S1,Track,55,2027-01-25,BASELINE,18.0,18,28800000.0,28800000.0,DERIVED,SIMULATED
S1-1,S1,Track,55,2027-01-25,CURRENT,18.0,18,28800000.0,28800000.0,DERIVED,SIMULATED
S1-1,S1,Track,55,2027-01-25,RECOVERY,18.0,18,28800000.0,28800000.0,DERIVED,SIMULATED
S1-1,S1,Track,56,2027-02-01,BASELINE,18.0,18,28800000.0,28800000.0,DERIVED,SIMULATED
S1-1,S1,Track,56,2027-02-01,CURRENT,18.0,18,28800000.0,28800000.0,DERIVED,SIMULATED
S1-1,S1,Track,56,2027-02-01,RECOVERY,18.0,18,28800000.0,28800000.0,DERIVED,SIMULATED
S1-1,S1,Track,57,2027-02-08,BASELINE,18.0,18,28800000.0,28800000.0,DERIVED,SIMULATED
S1-1,S1,Track,57,2027-02-08,CURRENT,18.0,18,28800000.0,28800000.0,DERIVED,SIMULATED
S1-1,S1,Track,57,2027-02-08,RECOVERY,18.0,18,28800000.0,28800000.0,DERIVED,SIMULATED
S1-1,S1,Track,58,2027-02-15,BASELINE,18.0,18,28800000.0,28800000.0,DERIVED,SIMULATED
S1-1,S1,Track,58,2027-02-15,CURRENT,18.0,18,28800000.0,28800000.0,DERIVED,SIMULATED
S1-1,S1,Track,58,2027-02-15,RECOVERY,18.0,18,28800000.0,28800000.0,DERIVED,SIMULATED
S1-1,S1,Track,59,2027-02-22,BASELINE,18.0,18,28800000.0,28800000.0,DERIVED,SIMULATED
S1-1,S1,Track,59,2027-02-22,CURRENT,18.0,18,28800000.0,28800000.0,DERIVED,SIMULATED
S1-1,S1,Track,59,2027-02-22,RECOVERY,18.0,18,28800000.0,28800000.0,DERIVED,SIMULATED
S1-1,S1,Track,60,2027-03-01,BASELINE,18.0,18,28800000.0,28800000.0,DERIVED,SIMULATED
S1-1,S1,Track,60,2027-03-01,CURRENT,18.0,18,28800000.0,28800000.0,DERIVED,SIMULATED
S1-1,S1,Track,60,2027-03-01,RECOVERY,18.0,18,28800000.0,28800000.0,DERIVED,SIMULATED
S1-1,S1,Track,61,2027-03-08,BASELINE,18.0,18,28800000.0,28800000.0,DERIVED,SIMULATED
S1-1,S1,Track,61,2027-03-08,CURRENT,18.0,18,28800000.0,28800000.0,DERIVED,SIMULATED
S1-1,S1,Track,61,2027-03-08,RECOVERY,18.0,18,28800000.0,28800000.0,DERIVED,SIMULATED
S1-1,S1,Track,62,2027-03-15,BASELINE,18.0,18,28800000.0,28800000.0,DERIVED,SIMULATED
S1-1,S1,Track,62,2027-03-15,CURRENT,18.0,18,28800000.0,28800000.0,DERIVED,SIMULATED
S1-1,S1,Track,62,2027-03-15,RECOVERY,18.0,18,28800000.0,28800000.0,DERIVED,SIMULATED
S1-1,S1,Track,63,2027-03-22,BASELINE,18.0,18,28800000.0,28800000.0,DERIVED,SIMULATED
S1-1,S1,Track,63,2027-03-22,CURRENT,18.0,18,28800000.0,28800000.0,DERIVED,SIMULATED
S1-1,S1,Track,63,2027-03-22,RECOVERY,18.0,18,28800000.0,28800000.0,DERIVED,SIMULATED
S1-1,S1,Track,64,2027-03-29,BASELINE,18.0,18,28800000.0,28800000.0,DERIVED,SIMULATED
S1-1,S1,Track,64,2027-03-29,CURRENT,18.0,18,28800000.0,28800000.0,DERIVED,SIMULATED
S1-1,S1,Track,64,2027-03-29,RECOVERY,18.0,18,28800000.0,28800000.0,DERIVED,SIMULATED
S1-1,S1,Track,65,2027-04-05,BASELINE,18.0,18,28800000.0,28800000.0,DERIVED,SIMULATED
S1-1,S1,Track,65,2027-04-05,CURRENT,18.0,18,28800000.0,28800000.0,DERIVED,SIMULATED
S1-1,S1,Track,65,2027-04-05,RECOVERY,18.0,18,28800000.0,28800000.0,DERIVED,SIMULATED
S1-1,S1,Track,66,2027-04-12,BASELINE,18.0,18,28800000.0,28800000.0,DERIVED,SIMULATED
S1-1,S1,Track,66,2027-04-12,CURRENT,18.0,18,28800000.0,28800000.0,DERIVED,SIMULATED
S1-1,S1,Track,66,2027-04-12,RECOVERY,18.0,18,28800000.0,28800000.0,DERIVED,SIMULATED
S1-1,S1,Track,67,2027-04-19,BASELINE,18.0,18,28800000.0,28800000.0,DERIVED,SIMULATED
S1-1,S1,Track,67,2027-04-19,CURRENT,18.0,18,28800000.0,28800000.0,DERIVED,SIMULATED
S1-1,S1,Track,67,2027-04-19,RECOVERY,18.0,18,28800000.0,28800000.0,DERIVED,SIMULATED
S1-1,S1,Track,68,2027-04-26,BASELINE,18.0,18,28800000.0,28800000.0,DERIVED,SIMULATED
S1-1,S1,Track,68,2027-04-26,CURRENT,18.0,18,28800000.0,28800000.0,DERIVED,SIMULATED
S1-1,S1,Track,68,2027-04-26,RECOVERY,18.0,18,28800000.0,28800000.0,DERIVED,SIMULATED
S1-1,S1,Track,69,2027-05-03,BASELINE,18.0,18,28800000.0,28800000.0,DERIVED,SIMULATED
S1-1,S1,Track,69,2027-05-03,CURRENT,18.0,18,28800000.0,28800000.0,DERIVED,SIMULATED
S1-1,S1,Track,69,2027-05-03,RECOVERY,18.0,18,28800000.0,28800000.0,DERIVED,SIMULATED
S1-1,S1,Track,70,2027-05-10,BASELINE,18.0,18,28800000.0,28800000.0,DERIVED,SIMULATED
S1-1,S1,Track,70,2027-05-10,CURRENT,18.0,18,28800000.0,28800000.0,DERIVED,SIMULATED
S1-1,S1,Track,70,2027-05-10,RECOVERY,18.0,18,28800000.0,28800000.0,DERIVED,SIMULATED
S1-1,S1,Track,71,2027-05-17,BASELINE,18.0,18,28800000.0,28800000.0,DERIVED,SIMULATED
S1-1,S1,Track,71,2027-05-17,CURRENT,18.0,18,28800000.0,28800000.0,DERIVED,SIMULATED
S1-1,S1,Track,71,2027-05-17,RECOVERY,18.0,18,28800000.0,28800000.0,DERIVED,SIMULATED
S1-1,S1,Track,72,2027-05-24,BASELINE,18.0,18,28800000.0,28800000.0,DERIVED,SIMULATED
S1-1,S1,Track,72,2027-05-24,CURRENT,18.0,18,28800000.0,28800000.0,DERIVED,SIMULATED
S1-1,S1,Track,72,2027-05-24,RECOVERY,18.0,18,28800000.0,28800000.0,DERIVED,SIMULATED
S1-1,S1,Track,73,2027-05-31,BASELINE,18.0,18,28800000.0,28800000.0,DERIVED,SIMULATED
S1-1,S1,Track,73,2027-05-31,CURRENT,18.0,18,28800000.0,28800000.0,DERIVED,SIMULATED
S1-1,S1,Track,73,2027-05-31,RECOVERY,18.0,18,28800000.0,28800000.0,DERIVED,SIMULATED
S1-1,S1,Track,74,2027-06-07,BASELINE,18.0,18,28800000.0,28800000.0,DERIVED,SIMULATED
S1-1,S1,Track,74,2027-06-07,CURRENT,18.0,18,28800000.0,28800000.0,DERIVED,SIMULATED
S1-1,S1,Track,74,2027-06-07,RECOVERY,18.0,18,28800000.0,28800000.0,DERIVED,SIMULATED
S1-1,S1,Track,75,2027-06-14,BASELINE,18.0,18,28800000.0,28800000.0,DERIVED,SIMULATED
S1-1,S1,Track,75,2027-06-14,CURRENT,18.0,18,28800000.0,28800000.0,DERIVED,SIMULATED
S1-1,S1,Track,75,2027-06-14,RECOVERY,18.0,18,28800000.0,28800000.0,DERIVED,SIMULATED
S1-1,S1,Track,76,2027-06-21,BASELINE,18.0,18,28800000.0,28800000.0,DERIVED,SIMULATED
S1-1,S1,Track,76,2027-06-21,CURRENT,18.0,18,28800000.0,28800000.0,DERIVED,SIMULATED
S1-1,S1,Track,76,2027-06-21,RECOVERY,18.0,18,28800000.0,28800000.0,DERIVED,SIMULATED
S1-1,S1,Track,77,2027-06-28,BASELINE,18.0,18,28800000.0,28800000.0,DERIVED,SIMULATED
S1-1,S1,Track,77,2027-06-28,CURRENT,18.0,18,28800000.0,28800000.0,DERIVED,SIMULATED
S1-1,S1,Track,77,2027-06-28,RECOVERY,18.0,18,28800000.0,28800000.0,DERIVED,SIMULATED
S1-1,S1,Track,78,2027-07-05,BASELINE,18.0,18,28800000.0,28800000.0,DERIVED,SIMULATED
S1-1,S1,Track,78,2027-07-05,CURRENT,18.0,18,28800000.0,28800000.0,DERIVED,SIMULATED
S1-1,S1,Track,78,2027-07-05,RECOVERY,18.0,18,28800000.0,28800000.0,DERIVED,SIMULATED
S1-1,S1,Track,79,2027-07-12,BASELINE,18.0,18,28800000.0,28800000.0,DERIVED,SIMULATED
S1-1,S1,Track,79,2027-07-12,CURRENT,18.0,18,28800000.0,28800000.0,DERIVED,SIMULATED
S1-1,S1,Track,79,2027-07-12,RECOVERY,18.0,18,28800000.0,28800000.0,DERIVED,SIMULATED
S1-1,S1,Track,80,2027-07-19,BASELINE,18.0,18,28800000.0,28800000.0,DERIVED,SIMULATED
S1-1,S1,Track,80,2027-07-19,CURRENT,18.0,18,28800000.0,28800000.0,DERIVED,SIMULATED
S1-1,S1,Track,80,2027-07-19,RECOVERY,18.0,18,28800000.0,28800000.0,DERIVED,SIMULATED
S1-1,S1,Track,81,2027-07-26,BASELINE,18.0,18,28800000.0,28800000.0,DERIVED,SIMULATED
S1-1,S1,Track,81,2027-07-26,CURRENT,18.0,18,28800000.0,28800000.0,DERIVED,SIMULATED
S1-1,S1,Track,81,2027-07-26,RECOVERY,18.0,18,28800000.0,28800000.0,DERIVED,SIMULATED
S1-1,S1,Track,82,2027-08-02,BASELINE,18.0,18,28800000.0,28800000.0,DERIVED,SIMULATED
S1-1,S1,Track,82,2027-08-02,CURRENT,18.0,18,28800000.0,28800000.0,DERIVED,SIMULATED
S1-1,S1,Track,82,2027-08-02,RECOVERY,18.0,18,28800000.0,28800000.0,DERIVED,SIMULATED
S1-2,S1,Electrification,30,2026-08-03,BASELINE,10.153846153846153,18,19800000.0,11169230.769230768,DERIVED,SIMULATED
S1-2,S1,Electrification,30,2026-08-03,CURRENT,9.714396476469826,18,19800000.0,10685836.124116808,DERIVED,SIMULATED
S1-2,S1,Electrification,30,2026-08-03,RECOVERY,9.714396476469826,18,19800000.0,10685836.124116808,DERIVED,SIMULATED
S1-2,S1,Electrification,31,2026-08-10,BASELINE,10.615384615384615,18,19800000.0,11676923.076923076,DERIVED,SIMULATED
S1-2,S1,Electrification,31,2026-08-10,CURRENT,10.159038293768795,18,19800000.0,11174942.123145675,DERIVED,SIMULATED
S1-2,S1,Electrification,31,2026-08-10,RECOVERY,10.270198748093536,18,19800000.0,11297218.62290289,DERIVED,SIMULATED
S1-2,S1,Electrification,32,2026-08-17,BASELINE,11.076923076923077,18,19800000.0,12184615.384615384,DERIVED,SIMULATED
S1-2,S1,Electrification,32,2026-08-17,CURRENT,10.603680111067764,18,19800000.0,11664048.122174539,DERIVED,SIMULATED
S1-2,S1,Electrification,32,2026-08-17,RECOVERY,10.826001019717248,18,19800000.0,11908601.121688973,DERIVED,SIMULATED
S1-2,S1,Electrification,33,2026-08-24,BASELINE,11.53846153846154,18,19800000.0,12692307.692307694,DERIVED,SIMULATED
S1-2,S1,Electrification,33,2026-08-24,CURRENT,11.048321928366732,18,19800000.0,12153154.121203406,DERIVED,SIMULATED
S1-2,S1,Electrification,33,2026-08-24,RECOVERY,11.381803291340958,18,19800000.0,12519983.620475054,DERIVED,SIMULATED
S1-2,S1,Electrification,34,2026-08-31,BASELINE,12.0,18,19800000.0,13200000.0,DERIVED,SIMULATED
S1-2,S1,Electrification,34,2026-08-31,CURRENT,11.492963745665701,18,19800000.0,12642260.120232271,DERIVED,SIMULATED
S1-2,S1,Electrification,34,2026-08-31,RECOVERY,11.93760556296467,18,19800000.0,13131366.119261138,DERIVED,SIMULATED
S1-2,S1,Electrification,35,2026-09-07,BASELINE,12.461538461538462,18,19800000.0,13707692.307692308,DERIVED,SIMULATED
S1-2,S1,Electrification,35,2026-09-07,CURRENT,11.93760556296467,18,19800000.0,13131366.119261138,DERIVED,SIMULATED
S1-2,S1,Electrification,35,2026-09-07,RECOVERY,12.49340783458838,18,19800000.0,13742748.618047217,DERIVED,SIMULATED
S1-2,S1,Electrification,36,2026-09-14,BASELINE,12.923076923076923,18,19800000.0,14215384.615384616,DERIVED,SIMULATED
S1-2,S1,Electrification,36,2026-09-14,CURRENT,12.382247380263637,18,19800000.0,13620472.11829,DERIVED,SIMULATED
S1-2,S1,Electrification,36,2026-09-14,RECOVERY,13.04921010621209,18,19800000.0,14354131.1168333,DERIVED,SIMULATED
S1-2,S1,Electrification,37,2026-09-21,BASELINE,13.384615384615385,18,19800000.0,14723076.923076924,DERIVED,SIMULATED
S1-2,S1,Electrification,37,2026-09-21,CURRENT,12.826889197562606,18,19800000.0,14109578.117318867,DERIVED,SIMULATED
S1-2,S1,Electrification,37,2026-09-21,RECOVERY,13.6050123778358,18,19800000.0,14965513.615619382,DERIVED,SIMULATED
S1-2,S1,Electrification,38,2026-09-28,BASELINE,13.846153846153847,18,19800000.0,15230769.23076923,DERIVED,SIMULATED
S1-2,S1,Electrification,38,2026-09-28,CURRENT,13.271531014861575,18,19800000.0,14598684.116347732,DERIVED,SIMULATED
S1-2,S1,Electrification,38,2026-09-28,RECOVERY,14.160814649459512,18,19800000.0,15576896.114405463,DERIVED,SIMULATED
S1-2,S1,Electrification,39,2026-10-05,BASELINE,14.307692307692307,18,19800000.0,15738461.538461536,DERIVED,SIMULATED
S1-2,S1,Electrification,39,2026-10-05,CURRENT,13.716172832160543,18,19800000.0,15087790.1153766,DERIVED,SIMULATED
S1-2,S1,Electrification,39,2026-10-05,RECOVERY,14.716616921083222,18,19800000.0,16188278.613191545,DERIVED,SIMULATED
S1-2,S1,Electrification,40,2026-10-12,BASELINE,14.769230769230768,18,19800000.0,16246153.846153846,DERIVED,SIMULATED
S1-2,S1,Electrification,40,2026-10-12,CURRENT,14.160814649459512,18,19800000.0,15576896.114405463,DERIVED,SIMULATED
S1-2,S1,Electrification,40,2026-10-12,RECOVERY,15.272419192706934,18,19800000.0,16799661.111977626,DERIVED,SIMULATED
S1-2,S1,Electrification,41,2026-10-19,BASELINE,15.23076923076923,18,19800000.0,16753846.153846152,DERIVED,SIMULATED
S1-2,S1,Electrification,41,2026-10-19,CURRENT,14.60545646675848,18,19800000.0,16066002.113434328,DERIVED,SIMULATED
S1-2,S1,Electrification,41,2026-10-19,RECOVERY,15.828221464330642,18,19800000.0,17411043.610763706,DERIVED,SIMULATED
S1-2,S1,Electrification,42,2026-10-26,BASELINE,15.692307692307693,18,19800000.0,17261538.461538464,DERIVED,SIMULATED
S1-2,S1,Electrification,42,2026-10-26,CURRENT,15.050098284057448,18,19800000.0,16555108.112463193,DERIVED,SIMULATED
S1-2,S1,Electrification,42,2026-10-26,RECOVERY,16.384023735954354,18,19800000.0,18022426.10954979,DERIVED,SIMULATED
S1-2,S1,Electrification,43,2026-11-02,BASELINE,16.153846153846153,18,19800000.0,17769230.769230768,DERIVED,SIMULATED
S1-2,S1,Electrification,43,2026-11-02,CURRENT,15.494740101356417,18,19800000.0,17044214.111492056,DERIVED,SIMULATED
S1-2,S1,Electrification,43,2026-11-02,RECOVERY,16.939826007578066,18,19800000.0,18633808.60833587,DERIVED,SIMULATED
S1-2,S1,Electrification,44,2026-11-09,BASELINE,16.615384615384617,18,19800000.0,18276923.07692308,DERIVED,SIMULATED
S1-2,S1,Electrification,44,2026-11-09,CURRENT,15.939381918655386,18,19800000.0,17533320.11052092,DERIVED,SIMULATED
S1-2,S1,Electrification,44,2026-11-09,RECOVERY,17.495628279201775,18,19800000.0,19245191.107121952,DERIVED,SIMULATED
S1-2,S1,Electrification,45,2026-11-16,BASELINE,17.076923076923077,18,19800000.0,18784615.384615384,DERIVED,SIMULATED
S1-2,S1,Electrification,45,2026-11-16,CURRENT,16.384023735954354,18,19800000.0,18022426.10954979,DERIVED,SIMULATED
S1-2,S1,Electrification,45,2026-11-16,RECOVERY,18.0,18,19800000.0,19800000.0,DERIVED,SIMULATED
S1-2,S1,Electrification,46,2026-11-23,BASELINE,17.538461538461537,18,19800000.0,19292307.692307692,DERIVED,SIMULATED
S1-2,S1,Electrification,46,2026-11-23,CURRENT,16.828665553253323,18,19800000.0,18511532.108578656,DERIVED,SIMULATED
S1-2,S1,Electrification,46,2026-11-23,RECOVERY,18.0,18,19800000.0,19800000.0,DERIVED,SIMULATED
S1-2,S1,Electrification,47,2026-11-30,BASELINE,18.0,18,19800000.0,19800000.0,DERIVED,SIMULATED
S1-2,S1,Electrification,47,2026-11-30,CURRENT,17.273307370552292,18,19800000.0,19000638.10760752,DERIVED,SIMULATED
S1-2,S1,Electrification,47,2026-11-30,RECOVERY,18.0,18,19800000.0,19800000.0,DERIVED,SIMULATED
S1-2,S1,Electrification,48,2026-12-07,BASELINE,18.0,18,19800000.0,19800000.0,DERIVED,SIMULATED
S1-2,S1,Electrification,48,2026-12-07,CURRENT,17.71794918785126,18,19800000.0,19489744.10663639,DERIVED,SIMULATED
S1-2,S1,Electrification,48,2026-12-07,RECOVERY,18.0,18,19800000.0,19800000.0,DERIVED,SIMULATED
S1-2,S1,Electrification,49,2026-12-14,BASELINE,18.0,18,19800000.0,19800000.0,DERIVED,SIMULATED
S1-2,S1,Electrification,49,2026-12-14,CURRENT,18.0,18,19800000.0,19800000.0,DERIVED,SIMULATED
S1-2,S1,Electrification,49,2026-12-14,RECOVERY,18.0,18,19800000.0,19800000.0,DERIVED,SIMULATED
S1-2,S1,Electrification,50,2026-12-21,BASELINE,18.0,18,19800000.0,19800000.0,DERIVED,SIMULATED
S1-2,S1,Electrification,50,2026-12-21,CURRENT,18.0,18,19800000.0,19800000.0,DERIVED,SIMULATED
S1-2,S1,Electrification,50,2026-12-21,RECOVERY,18.0,18,19800000.0,19800000.0,DERIVED,SIMULATED
S1-2,S1,Electrification,51,2026-12-28,BASELINE,18.0,18,19800000.0,19800000.0,DERIVED,SIMULATED
S1-2,S1,Electrification,51,2026-12-28,CURRENT,18.0,18,19800000.0,19800000.0,DERIVED,SIMULATED
S1-2,S1,Electrification,51,2026-12-28,RECOVERY,18.0,18,19800000.0,19800000.0,DERIVED,SIMULATED
S1-2,S1,Electrification,52,2027-01-04,BASELINE,18.0,18,19800000.0,19800000.0,DERIVED,SIMULATED
S1-2,S1,Electrification,52,2027-01-04,CURRENT,18.0,18,19800000.0,19800000.0,DERIVED,SIMULATED
S1-2,S1,Electrification,52,2027-01-04,RECOVERY,18.0,18,19800000.0,19800000.0,DERIVED,SIMULATED
S1-2,S1,Electrification,53,2027-01-11,BASELINE,18.0,18,19800000.0,19800000.0,DERIVED,SIMULATED
S1-2,S1,Electrification,53,2027-01-11,CURRENT,18.0,18,19800000.0,19800000.0,DERIVED,SIMULATED
S1-2,S1,Electrification,53,2027-01-11,RECOVERY,18.0,18,19800000.0,19800000.0,DERIVED,SIMULATED
S1-2,S1,Electrification,54,2027-01-18,BASELINE,18.0,18,19800000.0,19800000.0,DERIVED,SIMULATED
S1-2,S1,Electrification,54,2027-01-18,CURRENT,18.0,18,19800000.0,19800000.0,DERIVED,SIMULATED
S1-2,S1,Electrification,54,2027-01-18,RECOVERY,18.0,18,19800000.0,19800000.0,DERIVED,SIMULATED
S1-2,S1,Electrification,55,2027-01-25,BASELINE,18.0,18,19800000.0,19800000.0,DERIVED,SIMULATED
S1-2,S1,Electrification,55,2027-01-25,CURRENT,18.0,18,19800000.0,19800000.0,DERIVED,SIMULATED
S1-2,S1,Electrification,55,2027-01-25,RECOVERY,18.0,18,19800000.0,19800000.0,DERIVED,SIMULATED
S1-2,S1,Electrification,56,2027-02-01,BASELINE,18.0,18,19800000.0,19800000.0,DERIVED,SIMULATED
S1-2,S1,Electrification,56,2027-02-01,CURRENT,18.0,18,19800000.0,19800000.0,DERIVED,SIMULATED
S1-2,S1,Electrification,56,2027-02-01,RECOVERY,18.0,18,19800000.0,19800000.0,DERIVED,SIMULATED
S1-2,S1,Electrification,57,2027-02-08,BASELINE,18.0,18,19800000.0,19800000.0,DERIVED,SIMULATED
S1-2,S1,Electrification,57,2027-02-08,CURRENT,18.0,18,19800000.0,19800000.0,DERIVED,SIMULATED
S1-2,S1,Electrification,57,2027-02-08,RECOVERY,18.0,18,19800000.0,19800000.0,DERIVED,SIMULATED
S1-2,S1,Electrification,58,2027-02-15,BASELINE,18.0,18,19800000.0,19800000.0,DERIVED,SIMULATED
S1-2,S1,Electrification,58,2027-02-15,CURRENT,18.0,18,19800000.0,19800000.0,DERIVED,SIMULATED
S1-2,S1,Electrification,58,2027-02-15,RECOVERY,18.0,18,19800000.0,19800000.0,DERIVED,SIMULATED
S1-2,S1,Electrification,59,2027-02-22,BASELINE,18.0,18,19800000.0,19800000.0,DERIVED,SIMULATED
S1-2,S1,Electrification,59,2027-02-22,CURRENT,18.0,18,19800000.0,19800000.0,DERIVED,SIMULATED
S1-2,S1,Electrification,59,2027-02-22,RECOVERY,18.0,18,19800000.0,19800000.0,DERIVED,SIMULATED
S1-2,S1,Electrification,60,2027-03-01,BASELINE,18.0,18,19800000.0,19800000.0,DERIVED,SIMULATED
S1-2,S1,Electrification,60,2027-03-01,CURRENT,18.0,18,19800000.0,19800000.0,DERIVED,SIMULATED
S1-2,S1,Electrification,60,2027-03-01,RECOVERY,18.0,18,19800000.0,19800000.0,DERIVED,SIMULATED
S1-2,S1,Electrification,61,2027-03-08,BASELINE,18.0,18,19800000.0,19800000.0,DERIVED,SIMULATED
S1-2,S1,Electrification,61,2027-03-08,CURRENT,18.0,18,19800000.0,19800000.0,DERIVED,SIMULATED
S1-2,S1,Electrification,61,2027-03-08,RECOVERY,18.0,18,19800000.0,19800000.0,DERIVED,SIMULATED
S1-2,S1,Electrification,62,2027-03-15,BASELINE,18.0,18,19800000.0,19800000.0,DERIVED,SIMULATED
S1-2,S1,Electrification,62,2027-03-15,CURRENT,18.0,18,19800000.0,19800000.0,DERIVED,SIMULATED
S1-2,S1,Electrification,62,2027-03-15,RECOVERY,18.0,18,19800000.0,19800000.0,DERIVED,SIMULATED
S1-2,S1,Electrification,63,2027-03-22,BASELINE,18.0,18,19800000.0,19800000.0,DERIVED,SIMULATED
S1-2,S1,Electrification,63,2027-03-22,CURRENT,18.0,18,19800000.0,19800000.0,DERIVED,SIMULATED
S1-2,S1,Electrification,63,2027-03-22,RECOVERY,18.0,18,19800000.0,19800000.0,DERIVED,SIMULATED
S1-2,S1,Electrification,64,2027-03-29,BASELINE,18.0,18,19800000.0,19800000.0,DERIVED,SIMULATED
S1-2,S1,Electrification,64,2027-03-29,CURRENT,18.0,18,19800000.0,19800000.0,DERIVED,SIMULATED
S1-2,S1,Electrification,64,2027-03-29,RECOVERY,18.0,18,19800000.0,19800000.0,DERIVED,SIMULATED
S1-2,S1,Electrification,65,2027-04-05,BASELINE,18.0,18,19800000.0,19800000.0,DERIVED,SIMULATED
S1-2,S1,Electrification,65,2027-04-05,CURRENT,18.0,18,19800000.0,19800000.0,DERIVED,SIMULATED
S1-2,S1,Electrification,65,2027-04-05,RECOVERY,18.0,18,19800000.0,19800000.0,DERIVED,SIMULATED
S1-2,S1,Electrification,66,2027-04-12,BASELINE,18.0,18,19800000.0,19800000.0,DERIVED,SIMULATED
S1-2,S1,Electrification,66,2027-04-12,CURRENT,18.0,18,19800000.0,19800000.0,DERIVED,SIMULATED
S1-2,S1,Electrification,66,2027-04-12,RECOVERY,18.0,18,19800000.0,19800000.0,DERIVED,SIMULATED
S1-2,S1,Electrification,67,2027-04-19,BASELINE,18.0,18,19800000.0,19800000.0,DERIVED,SIMULATED
S1-2,S1,Electrification,67,2027-04-19,CURRENT,18.0,18,19800000.0,19800000.0,DERIVED,SIMULATED
S1-2,S1,Electrification,67,2027-04-19,RECOVERY,18.0,18,19800000.0,19800000.0,DERIVED,SIMULATED
S1-2,S1,Electrification,68,2027-04-26,BASELINE,18.0,18,19800000.0,19800000.0,DERIVED,SIMULATED
S1-2,S1,Electrification,68,2027-04-26,CURRENT,18.0,18,19800000.0,19800000.0,DERIVED,SIMULATED
S1-2,S1,Electrification,68,2027-04-26,RECOVERY,18.0,18,19800000.0,19800000.0,DERIVED,SIMULATED
S1-2,S1,Electrification,69,2027-05-03,BASELINE,18.0,18,19800000.0,19800000.0,DERIVED,SIMULATED
S1-2,S1,Electrification,69,2027-05-03,CURRENT,18.0,18,19800000.0,19800000.0,DERIVED,SIMULATED
S1-2,S1,Electrification,69,2027-05-03,RECOVERY,18.0,18,19800000.0,19800000.0,DERIVED,SIMULATED
S1-2,S1,Electrification,70,2027-05-10,BASELINE,18.0,18,19800000.0,19800000.0,DERIVED,SIMULATED
S1-2,S1,Electrification,70,2027-05-10,CURRENT,18.0,18,19800000.0,19800000.0,DERIVED,SIMULATED
S1-2,S1,Electrification,70,2027-05-10,RECOVERY,18.0,18,19800000.0,19800000.0,DERIVED,SIMULATED
S1-2,S1,Electrification,71,2027-05-17,BASELINE,18.0,18,19800000.0,19800000.0,DERIVED,SIMULATED
S1-2,S1,Electrification,71,2027-05-17,CURRENT,18.0,18,19800000.0,19800000.0,DERIVED,SIMULATED
S1-2,S1,Electrification,71,2027-05-17,RECOVERY,18.0,18,19800000.0,19800000.0,DERIVED,SIMULATED
S1-2,S1,Electrification,72,2027-05-24,BASELINE,18.0,18,19800000.0,19800000.0,DERIVED,SIMULATED
S1-2,S1,Electrification,72,2027-05-24,CURRENT,18.0,18,19800000.0,19800000.0,DERIVED,SIMULATED
S1-2,S1,Electrification,72,2027-05-24,RECOVERY,18.0,18,19800000.0,19800000.0,DERIVED,SIMULATED
S1-2,S1,Electrification,73,2027-05-31,BASELINE,18.0,18,19800000.0,19800000.0,DERIVED,SIMULATED
S1-2,S1,Electrification,73,2027-05-31,CURRENT,18.0,18,19800000.0,19800000.0,DERIVED,SIMULATED
S1-2,S1,Electrification,73,2027-05-31,RECOVERY,18.0,18,19800000.0,19800000.0,DERIVED,SIMULATED
S1-2,S1,Electrification,74,2027-06-07,BASELINE,18.0,18,19800000.0,19800000.0,DERIVED,SIMULATED
S1-2,S1,Electrification,74,2027-06-07,CURRENT,18.0,18,19800000.0,19800000.0,DERIVED,SIMULATED
S1-2,S1,Electrification,74,2027-06-07,RECOVERY,18.0,18,19800000.0,19800000.0,DERIVED,SIMULATED
S1-2,S1,Electrification,75,2027-06-14,BASELINE,18.0,18,19800000.0,19800000.0,DERIVED,SIMULATED
S1-2,S1,Electrification,75,2027-06-14,CURRENT,18.0,18,19800000.0,19800000.0,DERIVED,SIMULATED
S1-2,S1,Electrification,75,2027-06-14,RECOVERY,18.0,18,19800000.0,19800000.0,DERIVED,SIMULATED
S1-2,S1,Electrification,76,2027-06-21,BASELINE,18.0,18,19800000.0,19800000.0,DERIVED,SIMULATED
S1-2,S1,Electrification,76,2027-06-21,CURRENT,18.0,18,19800000.0,19800000.0,DERIVED,SIMULATED
S1-2,S1,Electrification,76,2027-06-21,RECOVERY,18.0,18,19800000.0,19800000.0,DERIVED,SIMULATED
S1-2,S1,Electrification,77,2027-06-28,BASELINE,18.0,18,19800000.0,19800000.0,DERIVED,SIMULATED
S1-2,S1,Electrification,77,2027-06-28,CURRENT,18.0,18,19800000.0,19800000.0,DERIVED,SIMULATED
S1-2,S1,Electrification,77,2027-06-28,RECOVERY,18.0,18,19800000.0,19800000.0,DERIVED,SIMULATED
S1-2,S1,Electrification,78,2027-07-05,BASELINE,18.0,18,19800000.0,19800000.0,DERIVED,SIMULATED
S1-2,S1,Electrification,78,2027-07-05,CURRENT,18.0,18,19800000.0,19800000.0,DERIVED,SIMULATED
S1-2,S1,Electrification,78,2027-07-05,RECOVERY,18.0,18,19800000.0,19800000.0,DERIVED,SIMULATED
S1-2,S1,Electrification,79,2027-07-12,BASELINE,18.0,18,19800000.0,19800000.0,DERIVED,SIMULATED
S1-2,S1,Electrification,79,2027-07-12,CURRENT,18.0,18,19800000.0,19800000.0,DERIVED,SIMULATED
S1-2,S1,Electrification,79,2027-07-12,RECOVERY,18.0,18,19800000.0,19800000.0,DERIVED,SIMULATED
S1-2,S1,Electrification,80,2027-07-19,BASELINE,18.0,18,19800000.0,19800000.0,DERIVED,SIMULATED
S1-2,S1,Electrification,80,2027-07-19,CURRENT,18.0,18,19800000.0,19800000.0,DERIVED,SIMULATED
S1-2,S1,Electrification,80,2027-07-19,RECOVERY,18.0,18,19800000.0,19800000.0,DERIVED,SIMULATED
S1-2,S1,Electrification,81,2027-07-26,BASELINE,18.0,18,19800000.0,19800000.0,DERIVED,SIMULATED
S1-2,S1,Electrification,81,2027-07-26,CURRENT,18.0,18,19800000.0,19800000.0,DERIVED,SIMULATED
S1-2,S1,Electrification,81,2027-07-26,RECOVERY,18.0,18,19800000.0,19800000.0,DERIVED,SIMULATED
S1-2,S1,Electrification,82,2027-08-02,BASELINE,18.0,18,19800000.0,19800000.0,DERIVED,SIMULATED
S1-2,S1,Electrification,82,2027-08-02,CURRENT,18.0,18,19800000.0,19800000.0,DERIVED,SIMULATED
S1-2,S1,Electrification,82,2027-08-02,RECOVERY,18.0,18,19800000.0,19800000.0,DERIVED,SIMULATED
S1-3,S1,Stations,30,2026-08-03,BASELINE,1.3,2,24000000.0,15600000.0,DERIVED,SIMULATED
S1-3,S1,Stations,30,2026-08-03,CURRENT,1.0,2,24000000.0,12000000.0,DERIVED,SIMULATED
S1-3,S1,Stations,30,2026-08-03,RECOVERY,1.0,2,24000000.0,12000000.0,DERIVED,SIMULATED
S1-3,S1,Stations,31,2026-08-10,BASELINE,1.35,2,24000000.0,16200000.000000002,DERIVED,SIMULATED
S1-3,S1,Stations,31,2026-08-10,CURRENT,1.0,2,24000000.0,12000000.0,DERIVED,SIMULATED
S1-3,S1,Stations,31,2026-08-10,RECOVERY,1.0,2,24000000.0,12000000.0,DERIVED,SIMULATED
S1-3,S1,Stations,32,2026-08-17,BASELINE,1.4,2,24000000.0,16800000.0,DERIVED,SIMULATED
S1-3,S1,Stations,32,2026-08-17,CURRENT,1.0,2,24000000.0,12000000.0,DERIVED,SIMULATED
S1-3,S1,Stations,32,2026-08-17,RECOVERY,1.0,2,24000000.0,12000000.0,DERIVED,SIMULATED
S1-3,S1,Stations,33,2026-08-24,BASELINE,1.45,2,24000000.0,17400000.0,DERIVED,SIMULATED
S1-3,S1,Stations,33,2026-08-24,CURRENT,1.0,2,24000000.0,12000000.0,DERIVED,SIMULATED
S1-3,S1,Stations,33,2026-08-24,RECOVERY,1.0,2,24000000.0,12000000.0,DERIVED,SIMULATED
S1-3,S1,Stations,34,2026-08-31,BASELINE,1.5,2,24000000.0,18000000.0,DERIVED,SIMULATED
S1-3,S1,Stations,34,2026-08-31,CURRENT,1.0,2,24000000.0,12000000.0,DERIVED,SIMULATED
S1-3,S1,Stations,34,2026-08-31,RECOVERY,1.0,2,24000000.0,12000000.0,DERIVED,SIMULATED
S1-3,S1,Stations,35,2026-09-07,BASELINE,1.55,2,24000000.0,18600000.0,DERIVED,SIMULATED
S1-3,S1,Stations,35,2026-09-07,CURRENT,1.0,2,24000000.0,12000000.0,DERIVED,SIMULATED
S1-3,S1,Stations,35,2026-09-07,RECOVERY,1.0,2,24000000.0,12000000.0,DERIVED,SIMULATED
S1-3,S1,Stations,36,2026-09-14,BASELINE,1.6,2,24000000.0,19200000.0,DERIVED,SIMULATED
S1-3,S1,Stations,36,2026-09-14,CURRENT,1.0,2,24000000.0,12000000.0,DERIVED,SIMULATED
S1-3,S1,Stations,36,2026-09-14,RECOVERY,1.0,2,24000000.0,12000000.0,DERIVED,SIMULATED
S1-3,S1,Stations,37,2026-09-21,BASELINE,1.65,2,24000000.0,19800000.0,DERIVED,SIMULATED
S1-3,S1,Stations,37,2026-09-21,CURRENT,1.0,2,24000000.0,12000000.0,DERIVED,SIMULATED
S1-3,S1,Stations,37,2026-09-21,RECOVERY,1.0,2,24000000.0,12000000.0,DERIVED,SIMULATED
S1-3,S1,Stations,38,2026-09-28,BASELINE,1.7,2,24000000.0,20400000.0,DERIVED,SIMULATED
S1-3,S1,Stations,38,2026-09-28,CURRENT,1.0,2,24000000.0,12000000.0,DERIVED,SIMULATED
S1-3,S1,Stations,38,2026-09-28,RECOVERY,1.0,2,24000000.0,12000000.0,DERIVED,SIMULATED
S1-3,S1,Stations,39,2026-10-05,BASELINE,1.75,2,24000000.0,21000000.0,DERIVED,SIMULATED
S1-3,S1,Stations,39,2026-10-05,CURRENT,1.0,2,24000000.0,12000000.0,DERIVED,SIMULATED
S1-3,S1,Stations,39,2026-10-05,RECOVERY,1.0,2,24000000.0,12000000.0,DERIVED,SIMULATED
S1-3,S1,Stations,40,2026-10-12,BASELINE,1.8,2,24000000.0,21600000.0,DERIVED,SIMULATED
S1-3,S1,Stations,40,2026-10-12,CURRENT,1.0,2,24000000.0,12000000.0,DERIVED,SIMULATED
S1-3,S1,Stations,40,2026-10-12,RECOVERY,1.0,2,24000000.0,12000000.0,DERIVED,SIMULATED
S1-3,S1,Stations,41,2026-10-19,BASELINE,1.85,2,24000000.0,22200000.0,DERIVED,SIMULATED
S1-3,S1,Stations,41,2026-10-19,CURRENT,1.0,2,24000000.0,12000000.0,DERIVED,SIMULATED
S1-3,S1,Stations,41,2026-10-19,RECOVERY,1.0,2,24000000.0,12000000.0,DERIVED,SIMULATED
S1-3,S1,Stations,42,2026-10-26,BASELINE,1.9,2,24000000.0,22800000.0,DERIVED,SIMULATED
S1-3,S1,Stations,42,2026-10-26,CURRENT,1.0,2,24000000.0,12000000.0,DERIVED,SIMULATED
S1-3,S1,Stations,42,2026-10-26,RECOVERY,1.0,2,24000000.0,12000000.0,DERIVED,SIMULATED
S1-3,S1,Stations,43,2026-11-02,BASELINE,1.95,2,24000000.0,23400000.0,DERIVED,SIMULATED
S1-3,S1,Stations,43,2026-11-02,CURRENT,1.0,2,24000000.0,12000000.0,DERIVED,SIMULATED
S1-3,S1,Stations,43,2026-11-02,RECOVERY,1.0,2,24000000.0,12000000.0,DERIVED,SIMULATED
S1-3,S1,Stations,44,2026-11-09,BASELINE,2.0,2,24000000.0,24000000.0,DERIVED,SIMULATED
S1-3,S1,Stations,44,2026-11-09,CURRENT,1.0,2,24000000.0,12000000.0,DERIVED,SIMULATED
S1-3,S1,Stations,44,2026-11-09,RECOVERY,1.0,2,24000000.0,12000000.0,DERIVED,SIMULATED
S1-3,S1,Stations,45,2026-11-16,BASELINE,2.0,2,24000000.0,24000000.0,DERIVED,SIMULATED
S1-3,S1,Stations,45,2026-11-16,CURRENT,1.0,2,24000000.0,12000000.0,DERIVED,SIMULATED
S1-3,S1,Stations,45,2026-11-16,RECOVERY,1.0,2,24000000.0,12000000.0,DERIVED,SIMULATED
S1-3,S1,Stations,46,2026-11-23,BASELINE,2.0,2,24000000.0,24000000.0,DERIVED,SIMULATED
S1-3,S1,Stations,46,2026-11-23,CURRENT,1.0,2,24000000.0,12000000.0,DERIVED,SIMULATED
S1-3,S1,Stations,46,2026-11-23,RECOVERY,1.0,2,24000000.0,12000000.0,DERIVED,SIMULATED
S1-3,S1,Stations,47,2026-11-30,BASELINE,2.0,2,24000000.0,24000000.0,DERIVED,SIMULATED
S1-3,S1,Stations,47,2026-11-30,CURRENT,1.0,2,24000000.0,12000000.0,DERIVED,SIMULATED
S1-3,S1,Stations,47,2026-11-30,RECOVERY,1.0,2,24000000.0,12000000.0,DERIVED,SIMULATED
S1-3,S1,Stations,48,2026-12-07,BASELINE,2.0,2,24000000.0,24000000.0,DERIVED,SIMULATED
S1-3,S1,Stations,48,2026-12-07,CURRENT,1.0,2,24000000.0,12000000.0,DERIVED,SIMULATED
S1-3,S1,Stations,48,2026-12-07,RECOVERY,1.0,2,24000000.0,12000000.0,DERIVED,SIMULATED
S1-3,S1,Stations,49,2026-12-14,BASELINE,2.0,2,24000000.0,24000000.0,DERIVED,SIMULATED
S1-3,S1,Stations,49,2026-12-14,CURRENT,1.0,2,24000000.0,12000000.0,DERIVED,SIMULATED
S1-3,S1,Stations,49,2026-12-14,RECOVERY,1.0,2,24000000.0,12000000.0,DERIVED,SIMULATED
S1-3,S1,Stations,50,2026-12-21,BASELINE,2.0,2,24000000.0,24000000.0,DERIVED,SIMULATED
S1-3,S1,Stations,50,2026-12-21,CURRENT,1.0,2,24000000.0,12000000.0,DERIVED,SIMULATED
S1-3,S1,Stations,50,2026-12-21,RECOVERY,1.0,2,24000000.0,12000000.0,DERIVED,SIMULATED
S1-3,S1,Stations,51,2026-12-28,BASELINE,2.0,2,24000000.0,24000000.0,DERIVED,SIMULATED
S1-3,S1,Stations,51,2026-12-28,CURRENT,1.0,2,24000000.0,12000000.0,DERIVED,SIMULATED
S1-3,S1,Stations,51,2026-12-28,RECOVERY,1.0,2,24000000.0,12000000.0,DERIVED,SIMULATED
S1-3,S1,Stations,52,2027-01-04,BASELINE,2.0,2,24000000.0,24000000.0,DERIVED,SIMULATED
S1-3,S1,Stations,52,2027-01-04,CURRENT,1.0,2,24000000.0,12000000.0,DERIVED,SIMULATED
S1-3,S1,Stations,52,2027-01-04,RECOVERY,1.0,2,24000000.0,12000000.0,DERIVED,SIMULATED
S1-3,S1,Stations,53,2027-01-11,BASELINE,2.0,2,24000000.0,24000000.0,DERIVED,SIMULATED
S1-3,S1,Stations,53,2027-01-11,CURRENT,1.0,2,24000000.0,12000000.0,DERIVED,SIMULATED
S1-3,S1,Stations,53,2027-01-11,RECOVERY,1.0,2,24000000.0,12000000.0,DERIVED,SIMULATED
S1-3,S1,Stations,54,2027-01-18,BASELINE,2.0,2,24000000.0,24000000.0,DERIVED,SIMULATED
S1-3,S1,Stations,54,2027-01-18,CURRENT,1.0,2,24000000.0,12000000.0,DERIVED,SIMULATED
S1-3,S1,Stations,54,2027-01-18,RECOVERY,1.0,2,24000000.0,12000000.0,DERIVED,SIMULATED
S1-3,S1,Stations,55,2027-01-25,BASELINE,2.0,2,24000000.0,24000000.0,DERIVED,SIMULATED
S1-3,S1,Stations,55,2027-01-25,CURRENT,1.0,2,24000000.0,12000000.0,DERIVED,SIMULATED
S1-3,S1,Stations,55,2027-01-25,RECOVERY,1.0,2,24000000.0,12000000.0,DERIVED,SIMULATED
S1-3,S1,Stations,56,2027-02-01,BASELINE,2.0,2,24000000.0,24000000.0,DERIVED,SIMULATED
S1-3,S1,Stations,56,2027-02-01,CURRENT,1.0,2,24000000.0,12000000.0,DERIVED,SIMULATED
S1-3,S1,Stations,56,2027-02-01,RECOVERY,1.0,2,24000000.0,12000000.0,DERIVED,SIMULATED
S1-3,S1,Stations,57,2027-02-08,BASELINE,2.0,2,24000000.0,24000000.0,DERIVED,SIMULATED
S1-3,S1,Stations,57,2027-02-08,CURRENT,1.0,2,24000000.0,12000000.0,DERIVED,SIMULATED
S1-3,S1,Stations,57,2027-02-08,RECOVERY,1.0,2,24000000.0,12000000.0,DERIVED,SIMULATED
S1-3,S1,Stations,58,2027-02-15,BASELINE,2.0,2,24000000.0,24000000.0,DERIVED,SIMULATED
S1-3,S1,Stations,58,2027-02-15,CURRENT,1.0,2,24000000.0,12000000.0,DERIVED,SIMULATED
S1-3,S1,Stations,58,2027-02-15,RECOVERY,1.0,2,24000000.0,12000000.0,DERIVED,SIMULATED
S1-3,S1,Stations,59,2027-02-22,BASELINE,2.0,2,24000000.0,24000000.0,DERIVED,SIMULATED
S1-3,S1,Stations,59,2027-02-22,CURRENT,1.0,2,24000000.0,12000000.0,DERIVED,SIMULATED
S1-3,S1,Stations,59,2027-02-22,RECOVERY,1.0,2,24000000.0,12000000.0,DERIVED,SIMULATED
S1-3,S1,Stations,60,2027-03-01,BASELINE,2.0,2,24000000.0,24000000.0,DERIVED,SIMULATED
S1-3,S1,Stations,60,2027-03-01,CURRENT,1.0,2,24000000.0,12000000.0,DERIVED,SIMULATED
S1-3,S1,Stations,60,2027-03-01,RECOVERY,1.0,2,24000000.0,12000000.0,DERIVED,SIMULATED
S1-3,S1,Stations,61,2027-03-08,BASELINE,2.0,2,24000000.0,24000000.0,DERIVED,SIMULATED
S1-3,S1,Stations,61,2027-03-08,CURRENT,1.0,2,24000000.0,12000000.0,DERIVED,SIMULATED
S1-3,S1,Stations,61,2027-03-08,RECOVERY,1.0,2,24000000.0,12000000.0,DERIVED,SIMULATED
S1-3,S1,Stations,62,2027-03-15,BASELINE,2.0,2,24000000.0,24000000.0,DERIVED,SIMULATED
S1-3,S1,Stations,62,2027-03-15,CURRENT,1.0,2,24000000.0,12000000.0,DERIVED,SIMULATED
S1-3,S1,Stations,62,2027-03-15,RECOVERY,1.0,2,24000000.0,12000000.0,DERIVED,SIMULATED
S1-3,S1,Stations,63,2027-03-22,BASELINE,2.0,2,24000000.0,24000000.0,DERIVED,SIMULATED
S1-3,S1,Stations,63,2027-03-22,CURRENT,1.0,2,24000000.0,12000000.0,DERIVED,SIMULATED
S1-3,S1,Stations,63,2027-03-22,RECOVERY,1.0,2,24000000.0,12000000.0,DERIVED,SIMULATED
S1-3,S1,Stations,64,2027-03-29,BASELINE,2.0,2,24000000.0,24000000.0,DERIVED,SIMULATED
S1-3,S1,Stations,64,2027-03-29,CURRENT,1.0,2,24000000.0,12000000.0,DERIVED,SIMULATED
S1-3,S1,Stations,64,2027-03-29,RECOVERY,1.0,2,24000000.0,12000000.0,DERIVED,SIMULATED
S1-3,S1,Stations,65,2027-04-05,BASELINE,2.0,2,24000000.0,24000000.0,DERIVED,SIMULATED
S1-3,S1,Stations,65,2027-04-05,CURRENT,1.0,2,24000000.0,12000000.0,DERIVED,SIMULATED
S1-3,S1,Stations,65,2027-04-05,RECOVERY,1.0,2,24000000.0,12000000.0,DERIVED,SIMULATED
S1-3,S1,Stations,66,2027-04-12,BASELINE,2.0,2,24000000.0,24000000.0,DERIVED,SIMULATED
S1-3,S1,Stations,66,2027-04-12,CURRENT,1.0,2,24000000.0,12000000.0,DERIVED,SIMULATED
S1-3,S1,Stations,66,2027-04-12,RECOVERY,1.0,2,24000000.0,12000000.0,DERIVED,SIMULATED
S1-3,S1,Stations,67,2027-04-19,BASELINE,2.0,2,24000000.0,24000000.0,DERIVED,SIMULATED
S1-3,S1,Stations,67,2027-04-19,CURRENT,1.0,2,24000000.0,12000000.0,DERIVED,SIMULATED
S1-3,S1,Stations,67,2027-04-19,RECOVERY,1.0,2,24000000.0,12000000.0,DERIVED,SIMULATED
S1-3,S1,Stations,68,2027-04-26,BASELINE,2.0,2,24000000.0,24000000.0,DERIVED,SIMULATED
S1-3,S1,Stations,68,2027-04-26,CURRENT,1.0,2,24000000.0,12000000.0,DERIVED,SIMULATED
S1-3,S1,Stations,68,2027-04-26,RECOVERY,1.0,2,24000000.0,12000000.0,DERIVED,SIMULATED
S1-3,S1,Stations,69,2027-05-03,BASELINE,2.0,2,24000000.0,24000000.0,DERIVED,SIMULATED
S1-3,S1,Stations,69,2027-05-03,CURRENT,1.0,2,24000000.0,12000000.0,DERIVED,SIMULATED
S1-3,S1,Stations,69,2027-05-03,RECOVERY,1.0,2,24000000.0,12000000.0,DERIVED,SIMULATED
S1-3,S1,Stations,70,2027-05-10,BASELINE,2.0,2,24000000.0,24000000.0,DERIVED,SIMULATED
S1-3,S1,Stations,70,2027-05-10,CURRENT,1.0,2,24000000.0,12000000.0,DERIVED,SIMULATED
S1-3,S1,Stations,70,2027-05-10,RECOVERY,1.0,2,24000000.0,12000000.0,DERIVED,SIMULATED
S1-3,S1,Stations,71,2027-05-17,BASELINE,2.0,2,24000000.0,24000000.0,DERIVED,SIMULATED
S1-3,S1,Stations,71,2027-05-17,CURRENT,1.0,2,24000000.0,12000000.0,DERIVED,SIMULATED
S1-3,S1,Stations,71,2027-05-17,RECOVERY,1.0,2,24000000.0,12000000.0,DERIVED,SIMULATED
S1-3,S1,Stations,72,2027-05-24,BASELINE,2.0,2,24000000.0,24000000.0,DERIVED,SIMULATED
S1-3,S1,Stations,72,2027-05-24,CURRENT,1.0,2,24000000.0,12000000.0,DERIVED,SIMULATED
S1-3,S1,Stations,72,2027-05-24,RECOVERY,1.0,2,24000000.0,12000000.0,DERIVED,SIMULATED
S1-3,S1,Stations,73,2027-05-31,BASELINE,2.0,2,24000000.0,24000000.0,DERIVED,SIMULATED
S1-3,S1,Stations,73,2027-05-31,CURRENT,1.0,2,24000000.0,12000000.0,DERIVED,SIMULATED
S1-3,S1,Stations,73,2027-05-31,RECOVERY,1.0,2,24000000.0,12000000.0,DERIVED,SIMULATED
S1-3,S1,Stations,74,2027-06-07,BASELINE,2.0,2,24000000.0,24000000.0,DERIVED,SIMULATED
S1-3,S1,Stations,74,2027-06-07,CURRENT,1.0,2,24000000.0,12000000.0,DERIVED,SIMULATED
S1-3,S1,Stations,74,2027-06-07,RECOVERY,1.0,2,24000000.0,12000000.0,DERIVED,SIMULATED
S1-3,S1,Stations,75,2027-06-14,BASELINE,2.0,2,24000000.0,24000000.0,DERIVED,SIMULATED
S1-3,S1,Stations,75,2027-06-14,CURRENT,1.0,2,24000000.0,12000000.0,DERIVED,SIMULATED
S1-3,S1,Stations,75,2027-06-14,RECOVERY,1.0,2,24000000.0,12000000.0,DERIVED,SIMULATED
S1-3,S1,Stations,76,2027-06-21,BASELINE,2.0,2,24000000.0,24000000.0,DERIVED,SIMULATED
S1-3,S1,Stations,76,2027-06-21,CURRENT,1.0,2,24000000.0,12000000.0,DERIVED,SIMULATED
S1-3,S1,Stations,76,2027-06-21,RECOVERY,1.0,2,24000000.0,12000000.0,DERIVED,SIMULATED
S1-3,S1,Stations,77,2027-06-28,BASELINE,2.0,2,24000000.0,24000000.0,DERIVED,SIMULATED
S1-3,S1,Stations,77,2027-06-28,CURRENT,1.0,2,24000000.0,12000000.0,DERIVED,SIMULATED
S1-3,S1,Stations,77,2027-06-28,RECOVERY,1.0,2,24000000.0,12000000.0,DERIVED,SIMULATED
S1-3,S1,Stations,78,2027-07-05,BASELINE,2.0,2,24000000.0,24000000.0,DERIVED,SIMULATED
S1-3,S1,Stations,78,2027-07-05,CURRENT,1.0,2,24000000.0,12000000.0,DERIVED,SIMULATED
S1-3,S1,Stations,78,2027-07-05,RECOVERY,1.0,2,24000000.0,12000000.0,DERIVED,SIMULATED
S1-3,S1,Stations,79,2027-07-12,BASELINE,2.0,2,24000000.0,24000000.0,DERIVED,SIMULATED
S1-3,S1,Stations,79,2027-07-12,CURRENT,1.0,2,24000000.0,12000000.0,DERIVED,SIMULATED
S1-3,S1,Stations,79,2027-07-12,RECOVERY,1.0,2,24000000.0,12000000.0,DERIVED,SIMULATED
S1-3,S1,Stations,80,2027-07-19,BASELINE,2.0,2,24000000.0,24000000.0,DERIVED,SIMULATED
S1-3,S1,Stations,80,2027-07-19,CURRENT,1.0,2,24000000.0,12000000.0,DERIVED,SIMULATED
S1-3,S1,Stations,80,2027-07-19,RECOVERY,1.0,2,24000000.0,12000000.0,DERIVED,SIMULATED
S1-3,S1,Stations,81,2027-07-26,BASELINE,2.0,2,24000000.0,24000000.0,DERIVED,SIMULATED
S1-3,S1,Stations,81,2027-07-26,CURRENT,1.0,2,24000000.0,12000000.0,DERIVED,SIMULATED
S1-3,S1,Stations,81,2027-07-26,RECOVERY,1.0,2,24000000.0,12000000.0,DERIVED,SIMULATED
S1-3,S1,Stations,82,2027-08-02,BASELINE,2.0,2,24000000.0,24000000.0,DERIVED,SIMULATED
S1-3,S1,Stations,82,2027-08-02,CURRENT,1.0,2,24000000.0,12000000.0,DERIVED,SIMULATED
S1-3,S1,Stations,82,2027-08-02,RECOVERY,1.0,2,24000000.0,12000000.0,DERIVED,SIMULATED
S1-4,S1,Signaling,30,2026-08-03,BASELINE,1.6216216216216217,4,8000000.0,3243243.2432432435,DERIVED,SIMULATED
S1-4,S1,Signaling,30,2026-08-03,CURRENT,1.0,4,8000000.0,2000000.0,DERIVED,SIMULATED
S1-4,S1,Signaling,30,2026-08-03,RECOVERY,1.0,4,8000000.0,2000000.0,DERIVED,SIMULATED
S1-4,S1,Signaling,31,2026-08-10,BASELINE,1.7297297297297298,4,8000000.0,3459459.45945946,DERIVED,SIMULATED
S1-4,S1,Signaling,31,2026-08-10,CURRENT,1.0,4,8000000.0,2000000.0,DERIVED,SIMULATED
S1-4,S1,Signaling,31,2026-08-10,RECOVERY,1.0,4,8000000.0,2000000.0,DERIVED,SIMULATED
S1-4,S1,Signaling,32,2026-08-17,BASELINE,1.837837837837838,4,8000000.0,3675675.6756756757,DERIVED,SIMULATED
S1-4,S1,Signaling,32,2026-08-17,CURRENT,1.0,4,8000000.0,2000000.0,DERIVED,SIMULATED
S1-4,S1,Signaling,32,2026-08-17,RECOVERY,1.0,4,8000000.0,2000000.0,DERIVED,SIMULATED
S1-4,S1,Signaling,33,2026-08-24,BASELINE,1.945945945945946,4,8000000.0,3891891.891891892,DERIVED,SIMULATED
S1-4,S1,Signaling,33,2026-08-24,CURRENT,1.0,4,8000000.0,2000000.0,DERIVED,SIMULATED
S1-4,S1,Signaling,33,2026-08-24,RECOVERY,1.0,4,8000000.0,2000000.0,DERIVED,SIMULATED
S1-4,S1,Signaling,34,2026-08-31,BASELINE,2.054054054054054,4,8000000.0,4108108.108108108,DERIVED,SIMULATED
S1-4,S1,Signaling,34,2026-08-31,CURRENT,1.0,4,8000000.0,2000000.0,DERIVED,SIMULATED
S1-4,S1,Signaling,34,2026-08-31,RECOVERY,1.0,4,8000000.0,2000000.0,DERIVED,SIMULATED
S1-4,S1,Signaling,35,2026-09-07,BASELINE,2.1621621621621623,4,8000000.0,4324324.324324325,DERIVED,SIMULATED
S1-4,S1,Signaling,35,2026-09-07,CURRENT,1.0,4,8000000.0,2000000.0,DERIVED,SIMULATED
S1-4,S1,Signaling,35,2026-09-07,RECOVERY,1.0,4,8000000.0,2000000.0,DERIVED,SIMULATED
S1-4,S1,Signaling,36,2026-09-14,BASELINE,2.27027027027027,4,8000000.0,4540540.540540541,DERIVED,SIMULATED
S1-4,S1,Signaling,36,2026-09-14,CURRENT,1.0,4,8000000.0,2000000.0,DERIVED,SIMULATED
S1-4,S1,Signaling,36,2026-09-14,RECOVERY,1.0,4,8000000.0,2000000.0,DERIVED,SIMULATED
S1-4,S1,Signaling,37,2026-09-21,BASELINE,2.3783783783783785,4,8000000.0,4756756.756756757,DERIVED,SIMULATED
S1-4,S1,Signaling,37,2026-09-21,CURRENT,1.0,4,8000000.0,2000000.0,DERIVED,SIMULATED
S1-4,S1,Signaling,37,2026-09-21,RECOVERY,1.0,4,8000000.0,2000000.0,DERIVED,SIMULATED
S1-4,S1,Signaling,38,2026-09-28,BASELINE,2.4864864864864864,4,8000000.0,4972972.972972973,DERIVED,SIMULATED
S1-4,S1,Signaling,38,2026-09-28,CURRENT,1.0,4,8000000.0,2000000.0,DERIVED,SIMULATED
S1-4,S1,Signaling,38,2026-09-28,RECOVERY,1.0,4,8000000.0,2000000.0,DERIVED,SIMULATED
S1-4,S1,Signaling,39,2026-10-05,BASELINE,2.5945945945945947,4,8000000.0,5189189.189189189,DERIVED,SIMULATED
S1-4,S1,Signaling,39,2026-10-05,CURRENT,1.0,4,8000000.0,2000000.0,DERIVED,SIMULATED
S1-4,S1,Signaling,39,2026-10-05,RECOVERY,1.0,4,8000000.0,2000000.0,DERIVED,SIMULATED
S1-4,S1,Signaling,40,2026-10-12,BASELINE,2.7027027027027026,4,8000000.0,5405405.405405405,DERIVED,SIMULATED
S1-4,S1,Signaling,40,2026-10-12,CURRENT,1.0,4,8000000.0,2000000.0,DERIVED,SIMULATED
S1-4,S1,Signaling,40,2026-10-12,RECOVERY,1.0,4,8000000.0,2000000.0,DERIVED,SIMULATED
S1-4,S1,Signaling,41,2026-10-19,BASELINE,2.810810810810811,4,8000000.0,5621621.621621622,DERIVED,SIMULATED
S1-4,S1,Signaling,41,2026-10-19,CURRENT,1.0,4,8000000.0,2000000.0,DERIVED,SIMULATED
S1-4,S1,Signaling,41,2026-10-19,RECOVERY,1.0,4,8000000.0,2000000.0,DERIVED,SIMULATED
S1-4,S1,Signaling,42,2026-10-26,BASELINE,2.918918918918919,4,8000000.0,5837837.837837838,DERIVED,SIMULATED
S1-4,S1,Signaling,42,2026-10-26,CURRENT,1.0,4,8000000.0,2000000.0,DERIVED,SIMULATED
S1-4,S1,Signaling,42,2026-10-26,RECOVERY,1.0,4,8000000.0,2000000.0,DERIVED,SIMULATED
S1-4,S1,Signaling,43,2026-11-02,BASELINE,3.027027027027027,4,8000000.0,6054054.054054054,DERIVED,SIMULATED
S1-4,S1,Signaling,43,2026-11-02,CURRENT,1.0,4,8000000.0,2000000.0,DERIVED,SIMULATED
S1-4,S1,Signaling,43,2026-11-02,RECOVERY,1.0,4,8000000.0,2000000.0,DERIVED,SIMULATED
S1-4,S1,Signaling,44,2026-11-09,BASELINE,3.135135135135135,4,8000000.0,6270270.27027027,DERIVED,SIMULATED
S1-4,S1,Signaling,44,2026-11-09,CURRENT,1.0,4,8000000.0,2000000.0,DERIVED,SIMULATED
S1-4,S1,Signaling,44,2026-11-09,RECOVERY,1.0,4,8000000.0,2000000.0,DERIVED,SIMULATED
S1-4,S1,Signaling,45,2026-11-16,BASELINE,3.2432432432432434,4,8000000.0,6486486.486486487,DERIVED,SIMULATED
S1-4,S1,Signaling,45,2026-11-16,CURRENT,1.0,4,8000000.0,2000000.0,DERIVED,SIMULATED
S1-4,S1,Signaling,45,2026-11-16,RECOVERY,1.0,4,8000000.0,2000000.0,DERIVED,SIMULATED
S1-4,S1,Signaling,46,2026-11-23,BASELINE,3.3513513513513513,4,8000000.0,6702702.702702703,DERIVED,SIMULATED
S1-4,S1,Signaling,46,2026-11-23,CURRENT,1.0,4,8000000.0,2000000.0,DERIVED,SIMULATED
S1-4,S1,Signaling,46,2026-11-23,RECOVERY,1.0,4,8000000.0,2000000.0,DERIVED,SIMULATED
S1-4,S1,Signaling,47,2026-11-30,BASELINE,3.4594594594594597,4,8000000.0,6918918.91891892,DERIVED,SIMULATED
S1-4,S1,Signaling,47,2026-11-30,CURRENT,1.0,4,8000000.0,2000000.0,DERIVED,SIMULATED
S1-4,S1,Signaling,47,2026-11-30,RECOVERY,1.0,4,8000000.0,2000000.0,DERIVED,SIMULATED
S1-4,S1,Signaling,48,2026-12-07,BASELINE,3.5675675675675675,4,8000000.0,7135135.135135135,DERIVED,SIMULATED
S1-4,S1,Signaling,48,2026-12-07,CURRENT,1.0,4,8000000.0,2000000.0,DERIVED,SIMULATED
S1-4,S1,Signaling,48,2026-12-07,RECOVERY,1.0,4,8000000.0,2000000.0,DERIVED,SIMULATED
S1-4,S1,Signaling,49,2026-12-14,BASELINE,3.675675675675676,4,8000000.0,7351351.3513513515,DERIVED,SIMULATED
S1-4,S1,Signaling,49,2026-12-14,CURRENT,1.0,4,8000000.0,2000000.0,DERIVED,SIMULATED
S1-4,S1,Signaling,49,2026-12-14,RECOVERY,1.0,4,8000000.0,2000000.0,DERIVED,SIMULATED
S1-4,S1,Signaling,50,2026-12-21,BASELINE,3.7837837837837838,4,8000000.0,7567567.567567567,DERIVED,SIMULATED
S1-4,S1,Signaling,50,2026-12-21,CURRENT,1.0,4,8000000.0,2000000.0,DERIVED,SIMULATED
S1-4,S1,Signaling,50,2026-12-21,RECOVERY,1.0,4,8000000.0,2000000.0,DERIVED,SIMULATED
S1-4,S1,Signaling,51,2026-12-28,BASELINE,3.891891891891892,4,8000000.0,7783783.783783784,DERIVED,SIMULATED
S1-4,S1,Signaling,51,2026-12-28,CURRENT,1.0,4,8000000.0,2000000.0,DERIVED,SIMULATED
S1-4,S1,Signaling,51,2026-12-28,RECOVERY,1.0,4,8000000.0,2000000.0,DERIVED,SIMULATED
S1-4,S1,Signaling,52,2027-01-04,BASELINE,4.0,4,8000000.0,8000000.0,DERIVED,SIMULATED
S1-4,S1,Signaling,52,2027-01-04,CURRENT,1.0,4,8000000.0,2000000.0,DERIVED,SIMULATED
S1-4,S1,Signaling,52,2027-01-04,RECOVERY,1.0,4,8000000.0,2000000.0,DERIVED,SIMULATED
S1-4,S1,Signaling,53,2027-01-11,BASELINE,4.0,4,8000000.0,8000000.0,DERIVED,SIMULATED
S1-4,S1,Signaling,53,2027-01-11,CURRENT,1.0,4,8000000.0,2000000.0,DERIVED,SIMULATED
S1-4,S1,Signaling,53,2027-01-11,RECOVERY,1.0,4,8000000.0,2000000.0,DERIVED,SIMULATED
S1-4,S1,Signaling,54,2027-01-18,BASELINE,4.0,4,8000000.0,8000000.0,DERIVED,SIMULATED
S1-4,S1,Signaling,54,2027-01-18,CURRENT,1.0,4,8000000.0,2000000.0,DERIVED,SIMULATED
S1-4,S1,Signaling,54,2027-01-18,RECOVERY,1.0,4,8000000.0,2000000.0,DERIVED,SIMULATED
S1-4,S1,Signaling,55,2027-01-25,BASELINE,4.0,4,8000000.0,8000000.0,DERIVED,SIMULATED
S1-4,S1,Signaling,55,2027-01-25,CURRENT,1.0,4,8000000.0,2000000.0,DERIVED,SIMULATED
S1-4,S1,Signaling,55,2027-01-25,RECOVERY,1.0,4,8000000.0,2000000.0,DERIVED,SIMULATED
S1-4,S1,Signaling,56,2027-02-01,BASELINE,4.0,4,8000000.0,8000000.0,DERIVED,SIMULATED
S1-4,S1,Signaling,56,2027-02-01,CURRENT,1.0,4,8000000.0,2000000.0,DERIVED,SIMULATED
S1-4,S1,Signaling,56,2027-02-01,RECOVERY,1.0,4,8000000.0,2000000.0,DERIVED,SIMULATED
S1-4,S1,Signaling,57,2027-02-08,BASELINE,4.0,4,8000000.0,8000000.0,DERIVED,SIMULATED
S1-4,S1,Signaling,57,2027-02-08,CURRENT,1.0,4,8000000.0,2000000.0,DERIVED,SIMULATED
S1-4,S1,Signaling,57,2027-02-08,RECOVERY,1.0,4,8000000.0,2000000.0,DERIVED,SIMULATED
S1-4,S1,Signaling,58,2027-02-15,BASELINE,4.0,4,8000000.0,8000000.0,DERIVED,SIMULATED
S1-4,S1,Signaling,58,2027-02-15,CURRENT,1.0,4,8000000.0,2000000.0,DERIVED,SIMULATED
S1-4,S1,Signaling,58,2027-02-15,RECOVERY,1.0,4,8000000.0,2000000.0,DERIVED,SIMULATED
S1-4,S1,Signaling,59,2027-02-22,BASELINE,4.0,4,8000000.0,8000000.0,DERIVED,SIMULATED
S1-4,S1,Signaling,59,2027-02-22,CURRENT,1.0,4,8000000.0,2000000.0,DERIVED,SIMULATED
S1-4,S1,Signaling,59,2027-02-22,RECOVERY,1.0,4,8000000.0,2000000.0,DERIVED,SIMULATED
S1-4,S1,Signaling,60,2027-03-01,BASELINE,4.0,4,8000000.0,8000000.0,DERIVED,SIMULATED
S1-4,S1,Signaling,60,2027-03-01,CURRENT,1.0,4,8000000.0,2000000.0,DERIVED,SIMULATED
S1-4,S1,Signaling,60,2027-03-01,RECOVERY,1.0,4,8000000.0,2000000.0,DERIVED,SIMULATED
S1-4,S1,Signaling,61,2027-03-08,BASELINE,4.0,4,8000000.0,8000000.0,DERIVED,SIMULATED
S1-4,S1,Signaling,61,2027-03-08,CURRENT,1.0,4,8000000.0,2000000.0,DERIVED,SIMULATED
S1-4,S1,Signaling,61,2027-03-08,RECOVERY,1.0,4,8000000.0,2000000.0,DERIVED,SIMULATED
S1-4,S1,Signaling,62,2027-03-15,BASELINE,4.0,4,8000000.0,8000000.0,DERIVED,SIMULATED
S1-4,S1,Signaling,62,2027-03-15,CURRENT,1.0,4,8000000.0,2000000.0,DERIVED,SIMULATED
S1-4,S1,Signaling,62,2027-03-15,RECOVERY,1.0,4,8000000.0,2000000.0,DERIVED,SIMULATED
S1-4,S1,Signaling,63,2027-03-22,BASELINE,4.0,4,8000000.0,8000000.0,DERIVED,SIMULATED
S1-4,S1,Signaling,63,2027-03-22,CURRENT,1.0,4,8000000.0,2000000.0,DERIVED,SIMULATED
S1-4,S1,Signaling,63,2027-03-22,RECOVERY,1.0,4,8000000.0,2000000.0,DERIVED,SIMULATED
S1-4,S1,Signaling,64,2027-03-29,BASELINE,4.0,4,8000000.0,8000000.0,DERIVED,SIMULATED
S1-4,S1,Signaling,64,2027-03-29,CURRENT,1.0,4,8000000.0,2000000.0,DERIVED,SIMULATED
S1-4,S1,Signaling,64,2027-03-29,RECOVERY,1.0,4,8000000.0,2000000.0,DERIVED,SIMULATED
S1-4,S1,Signaling,65,2027-04-05,BASELINE,4.0,4,8000000.0,8000000.0,DERIVED,SIMULATED
S1-4,S1,Signaling,65,2027-04-05,CURRENT,1.0,4,8000000.0,2000000.0,DERIVED,SIMULATED
S1-4,S1,Signaling,65,2027-04-05,RECOVERY,1.0,4,8000000.0,2000000.0,DERIVED,SIMULATED
S1-4,S1,Signaling,66,2027-04-12,BASELINE,4.0,4,8000000.0,8000000.0,DERIVED,SIMULATED
S1-4,S1,Signaling,66,2027-04-12,CURRENT,1.0,4,8000000.0,2000000.0,DERIVED,SIMULATED
S1-4,S1,Signaling,66,2027-04-12,RECOVERY,1.0,4,8000000.0,2000000.0,DERIVED,SIMULATED
S1-4,S1,Signaling,67,2027-04-19,BASELINE,4.0,4,8000000.0,8000000.0,DERIVED,SIMULATED
S1-4,S1,Signaling,67,2027-04-19,CURRENT,1.0,4,8000000.0,2000000.0,DERIVED,SIMULATED
S1-4,S1,Signaling,67,2027-04-19,RECOVERY,1.0,4,8000000.0,2000000.0,DERIVED,SIMULATED
S1-4,S1,Signaling,68,2027-04-26,BASELINE,4.0,4,8000000.0,8000000.0,DERIVED,SIMULATED
S1-4,S1,Signaling,68,2027-04-26,CURRENT,1.0,4,8000000.0,2000000.0,DERIVED,SIMULATED
S1-4,S1,Signaling,68,2027-04-26,RECOVERY,1.0,4,8000000.0,2000000.0,DERIVED,SIMULATED
S1-4,S1,Signaling,69,2027-05-03,BASELINE,4.0,4,8000000.0,8000000.0,DERIVED,SIMULATED
S1-4,S1,Signaling,69,2027-05-03,CURRENT,1.0,4,8000000.0,2000000.0,DERIVED,SIMULATED
S1-4,S1,Signaling,69,2027-05-03,RECOVERY,1.0,4,8000000.0,2000000.0,DERIVED,SIMULATED
S1-4,S1,Signaling,70,2027-05-10,BASELINE,4.0,4,8000000.0,8000000.0,DERIVED,SIMULATED
S1-4,S1,Signaling,70,2027-05-10,CURRENT,1.0,4,8000000.0,2000000.0,DERIVED,SIMULATED
S1-4,S1,Signaling,70,2027-05-10,RECOVERY,1.0,4,8000000.0,2000000.0,DERIVED,SIMULATED
S1-4,S1,Signaling,71,2027-05-17,BASELINE,4.0,4,8000000.0,8000000.0,DERIVED,SIMULATED
S1-4,S1,Signaling,71,2027-05-17,CURRENT,1.0,4,8000000.0,2000000.0,DERIVED,SIMULATED
S1-4,S1,Signaling,71,2027-05-17,RECOVERY,1.0,4,8000000.0,2000000.0,DERIVED,SIMULATED
S1-4,S1,Signaling,72,2027-05-24,BASELINE,4.0,4,8000000.0,8000000.0,DERIVED,SIMULATED
S1-4,S1,Signaling,72,2027-05-24,CURRENT,1.0,4,8000000.0,2000000.0,DERIVED,SIMULATED
S1-4,S1,Signaling,72,2027-05-24,RECOVERY,1.0,4,8000000.0,2000000.0,DERIVED,SIMULATED
S1-4,S1,Signaling,73,2027-05-31,BASELINE,4.0,4,8000000.0,8000000.0,DERIVED,SIMULATED
S1-4,S1,Signaling,73,2027-05-31,CURRENT,1.0,4,8000000.0,2000000.0,DERIVED,SIMULATED
S1-4,S1,Signaling,73,2027-05-31,RECOVERY,1.0,4,8000000.0,2000000.0,DERIVED,SIMULATED
S1-4,S1,Signaling,74,2027-06-07,BASELINE,4.0,4,8000000.0,8000000.0,DERIVED,SIMULATED
S1-4,S1,Signaling,74,2027-06-07,CURRENT,1.0,4,8000000.0,2000000.0,DERIVED,SIMULATED
S1-4,S1,Signaling,74,2027-06-07,RECOVERY,1.0,4,8000000.0,2000000.0,DERIVED,SIMULATED
S1-4,S1,Signaling,75,2027-06-14,BASELINE,4.0,4,8000000.0,8000000.0,DERIVED,SIMULATED
S1-4,S1,Signaling,75,2027-06-14,CURRENT,1.0,4,8000000.0,2000000.0,DERIVED,SIMULATED
S1-4,S1,Signaling,75,2027-06-14,RECOVERY,1.0,4,8000000.0,2000000.0,DERIVED,SIMULATED
S1-4,S1,Signaling,76,2027-06-21,BASELINE,4.0,4,8000000.0,8000000.0,DERIVED,SIMULATED
S1-4,S1,Signaling,76,2027-06-21,CURRENT,1.0,4,8000000.0,2000000.0,DERIVED,SIMULATED
S1-4,S1,Signaling,76,2027-06-21,RECOVERY,1.0,4,8000000.0,2000000.0,DERIVED,SIMULATED
S1-4,S1,Signaling,77,2027-06-28,BASELINE,4.0,4,8000000.0,8000000.0,DERIVED,SIMULATED
S1-4,S1,Signaling,77,2027-06-28,CURRENT,1.0,4,8000000.0,2000000.0,DERIVED,SIMULATED
S1-4,S1,Signaling,77,2027-06-28,RECOVERY,1.0,4,8000000.0,2000000.0,DERIVED,SIMULATED
S1-4,S1,Signaling,78,2027-07-05,BASELINE,4.0,4,8000000.0,8000000.0,DERIVED,SIMULATED
S1-4,S1,Signaling,78,2027-07-05,CURRENT,1.0,4,8000000.0,2000000.0,DERIVED,SIMULATED
S1-4,S1,Signaling,78,2027-07-05,RECOVERY,1.0,4,8000000.0,2000000.0,DERIVED,SIMULATED
S1-4,S1,Signaling,79,2027-07-12,BASELINE,4.0,4,8000000.0,8000000.0,DERIVED,SIMULATED
S1-4,S1,Signaling,79,2027-07-12,CURRENT,1.0,4,8000000.0,2000000.0,DERIVED,SIMULATED
S1-4,S1,Signaling,79,2027-07-12,RECOVERY,1.0,4,8000000.0,2000000.0,DERIVED,SIMULATED
S1-4,S1,Signaling,80,2027-07-19,BASELINE,4.0,4,8000000.0,8000000.0,DERIVED,SIMULATED
S1-4,S1,Signaling,80,2027-07-19,CURRENT,1.0,4,8000000.0,2000000.0,DERIVED,SIMULATED
S1-4,S1,Signaling,80,2027-07-19,RECOVERY,1.0,4,8000000.0,2000000.0,DERIVED,SIMULATED
S1-4,S1,Signaling,81,2027-07-26,BASELINE,4.0,4,8000000.0,8000000.0,DERIVED,SIMULATED
S1-4,S1,Signaling,81,2027-07-26,CURRENT,1.0,4,8000000.0,2000000.0,DERIVED,SIMULATED
S1-4,S1,Signaling,81,2027-07-26,RECOVERY,1.0,4,8000000.0,2000000.0,DERIVED,SIMULATED
S1-4,S1,Signaling,82,2027-08-02,BASELINE,4.0,4,8000000.0,8000000.0,DERIVED,SIMULATED
S1-4,S1,Signaling,82,2027-08-02,CURRENT,1.0,4,8000000.0,2000000.0,DERIVED,SIMULATED
S1-4,S1,Signaling,82,2027-08-02,RECOVERY,1.0,4,8000000.0,2000000.0,DERIVED,SIMULATED
S2-1,S2,Track,30,2026-08-03,BASELINE,12.0,16,25600000.0,19200000.0,DERIVED,SIMULATED
S2-1,S2,Track,30,2026-08-03,CURRENT,11.278707404050694,16,25600000.0,18045931.84648111,DERIVED,SIMULATED
S2-1,S2,Track,30,2026-08-03,RECOVERY,11.278707404050694,16,25600000.0,18045931.84648111,DERIVED,SIMULATED
S2-1,S2,Track,31,2026-08-10,BASELINE,12.4,16,25600000.0,19840000.0,DERIVED,SIMULATED
S2-1,S2,Track,31,2026-08-10,CURRENT,11.662451111166089,16,25600000.0,18659921.77786574,DERIVED,SIMULATED
S2-1,S2,Track,31,2026-08-10,RECOVERY,11.758387037944937,16,25600000.0,18813419.2607119,DERIVED,SIMULATED
S2-1,S2,Track,32,2026-08-17,BASELINE,12.8,16,25600000.0,20480000.0,DERIVED,SIMULATED
S2-1,S2,Track,32,2026-08-17,CURRENT,12.046194818281482,16,25600000.0,19273911.709250372,DERIVED,SIMULATED
S2-1,S2,Track,32,2026-08-17,RECOVERY,12.23806667183918,16,25600000.0,19580906.674942687,DERIVED,SIMULATED
S2-1,S2,Track,33,2026-08-24,BASELINE,13.2,16,25600000.0,21120000.0,DERIVED,SIMULATED
S2-1,S2,Track,33,2026-08-24,CURRENT,12.429938525396876,16,25600000.0,19887901.640635002,DERIVED,SIMULATED
S2-1,S2,Track,33,2026-08-24,RECOVERY,12.717746305733423,16,25600000.0,20348394.089173477,DERIVED,SIMULATED
S2-1,S2,Track,34,2026-08-31,BASELINE,13.6,16,25600000.0,21760000.0,DERIVED,SIMULATED
S2-1,S2,Track,34,2026-08-31,CURRENT,12.81368223251227,16,25600000.0,20501891.572019633,DERIVED,SIMULATED
S2-1,S2,Track,34,2026-08-31,RECOVERY,13.197425939627665,16,25600000.0,21115881.503404263,DERIVED,SIMULATED
S2-1,S2,Track,35,2026-09-07,BASELINE,14.0,16,25600000.0,22400000.0,DERIVED,SIMULATED
S2-1,S2,Track,35,2026-09-07,CURRENT,13.197425939627665,16,25600000.0,21115881.503404263,DERIVED,SIMULATED
S2-1,S2,Track,35,2026-09-07,RECOVERY,13.677105573521908,16,25600000.0,21883368.917635053,DERIVED,SIMULATED
S2-1,S2,Track,36,2026-09-14,BASELINE,14.4,16,25600000.0,23040000.0,DERIVED,SIMULATED
S2-1,S2,Track,36,2026-09-14,CURRENT,13.58116964674306,16,25600000.0,21729871.434788898,DERIVED,SIMULATED
S2-1,S2,Track,36,2026-09-14,RECOVERY,14.15678520741615,16,25600000.0,22650856.33186584,DERIVED,SIMULATED
S2-1,S2,Track,37,2026-09-21,BASELINE,14.8,16,25600000.0,23680000.0,DERIVED,SIMULATED
S2-1,S2,Track,37,2026-09-21,CURRENT,13.964913353858453,16,25600000.0,22343861.366173524,DERIVED,SIMULATED
S2-1,S2,Track,37,2026-09-21,RECOVERY,14.636464841310392,16,25600000.0,23418343.746096626,DERIVED,SIMULATED
S2-1,S2,Track,38,2026-09-28,BASELINE,15.2,16,25600000.0,24320000.0,DERIVED,SIMULATED
S2-1,S2,Track,38,2026-09-28,CURRENT,14.348657060973848,16,25600000.0,22957851.297558155,DERIVED,SIMULATED
S2-1,S2,Track,38,2026-09-28,RECOVERY,15.116144475204635,16,25600000.0,24185831.160327416,DERIVED,SIMULATED
S2-1,S2,Track,39,2026-10-05,BASELINE,15.6,16,25600000.0,24960000.0,DERIVED,SIMULATED
S2-1,S2,Track,39,2026-10-05,CURRENT,14.732400768089242,16,25600000.0,23571841.22894279,DERIVED,SIMULATED
S2-1,S2,Track,39,2026-10-05,RECOVERY,15.595824109098878,16,25600000.0,24953318.574558206,DERIVED,SIMULATED
S2-1,S2,Track,40,2026-10-12,BASELINE,16.0,16,25600000.0,25600000.0,DERIVED,SIMULATED
S2-1,S2,Track,40,2026-10-12,CURRENT,15.116144475204635,16,25600000.0,24185831.160327416,DERIVED,SIMULATED
S2-1,S2,Track,40,2026-10-12,RECOVERY,16.0,16,25600000.0,25600000.0,DERIVED,SIMULATED
S2-1,S2,Track,41,2026-10-19,BASELINE,16.0,16,25600000.0,25600000.0,DERIVED,SIMULATED
S2-1,S2,Track,41,2026-10-19,CURRENT,15.49988818232003,16,25600000.0,24799821.091712046,DERIVED,SIMULATED
S2-1,S2,Track,41,2026-10-19,RECOVERY,16.0,16,25600000.0,25600000.0,DERIVED,SIMULATED
S2-1,S2,Track,42,2026-10-26,BASELINE,16.0,16,25600000.0,25600000.0,DERIVED,SIMULATED
S2-1,S2,Track,42,2026-10-26,CURRENT,15.883631889435424,16,25600000.0,25413811.02309668,DERIVED,SIMULATED
S2-1,S2,Track,42,2026-10-26,RECOVERY,16.0,16,25600000.0,25600000.0,DERIVED,SIMULATED
S2-1,S2,Track,43,2026-11-02,BASELINE,16.0,16,25600000.0,25600000.0,DERIVED,SIMULATED
S2-1,S2,Track,43,2026-11-02,CURRENT,16.0,16,25600000.0,25600000.0,DERIVED,SIMULATED
S2-1,S2,Track,43,2026-11-02,RECOVERY,16.0,16,25600000.0,25600000.0,DERIVED,SIMULATED
S2-1,S2,Track,44,2026-11-09,BASELINE,16.0,16,25600000.0,25600000.0,DERIVED,SIMULATED
S2-1,S2,Track,44,2026-11-09,CURRENT,16.0,16,25600000.0,25600000.0,DERIVED,SIMULATED
S2-1,S2,Track,44,2026-11-09,RECOVERY,16.0,16,25600000.0,25600000.0,DERIVED,SIMULATED
S2-1,S2,Track,45,2026-11-16,BASELINE,16.0,16,25600000.0,25600000.0,DERIVED,SIMULATED
S2-1,S2,Track,45,2026-11-16,CURRENT,16.0,16,25600000.0,25600000.0,DERIVED,SIMULATED
S2-1,S2,Track,45,2026-11-16,RECOVERY,16.0,16,25600000.0,25600000.0,DERIVED,SIMULATED
S2-1,S2,Track,46,2026-11-23,BASELINE,16.0,16,25600000.0,25600000.0,DERIVED,SIMULATED
S2-1,S2,Track,46,2026-11-23,CURRENT,16.0,16,25600000.0,25600000.0,DERIVED,SIMULATED
S2-1,S2,Track,46,2026-11-23,RECOVERY,16.0,16,25600000.0,25600000.0,DERIVED,SIMULATED
S2-1,S2,Track,47,2026-11-30,BASELINE,16.0,16,25600000.0,25600000.0,DERIVED,SIMULATED
S2-1,S2,Track,47,2026-11-30,CURRENT,16.0,16,25600000.0,25600000.0,DERIVED,SIMULATED
S2-1,S2,Track,47,2026-11-30,RECOVERY,16.0,16,25600000.0,25600000.0,DERIVED,SIMULATED
S2-1,S2,Track,48,2026-12-07,BASELINE,16.0,16,25600000.0,25600000.0,DERIVED,SIMULATED
S2-1,S2,Track,48,2026-12-07,CURRENT,16.0,16,25600000.0,25600000.0,DERIVED,SIMULATED
S2-1,S2,Track,48,2026-12-07,RECOVERY,16.0,16,25600000.0,25600000.0,DERIVED,SIMULATED
S2-1,S2,Track,49,2026-12-14,BASELINE,16.0,16,25600000.0,25600000.0,DERIVED,SIMULATED
S2-1,S2,Track,49,2026-12-14,CURRENT,16.0,16,25600000.0,25600000.0,DERIVED,SIMULATED
S2-1,S2,Track,49,2026-12-14,RECOVERY,16.0,16,25600000.0,25600000.0,DERIVED,SIMULATED
S2-1,S2,Track,50,2026-12-21,BASELINE,16.0,16,25600000.0,25600000.0,DERIVED,SIMULATED
S2-1,S2,Track,50,2026-12-21,CURRENT,16.0,16,25600000.0,25600000.0,DERIVED,SIMULATED
S2-1,S2,Track,50,2026-12-21,RECOVERY,16.0,16,25600000.0,25600000.0,DERIVED,SIMULATED
S2-1,S2,Track,51,2026-12-28,BASELINE,16.0,16,25600000.0,25600000.0,DERIVED,SIMULATED
S2-1,S2,Track,51,2026-12-28,CURRENT,16.0,16,25600000.0,25600000.0,DERIVED,SIMULATED
S2-1,S2,Track,51,2026-12-28,RECOVERY,16.0,16,25600000.0,25600000.0,DERIVED,SIMULATED
S2-1,S2,Track,52,2027-01-04,BASELINE,16.0,16,25600000.0,25600000.0,DERIVED,SIMULATED
S2-1,S2,Track,52,2027-01-04,CURRENT,16.0,16,25600000.0,25600000.0,DERIVED,SIMULATED
S2-1,S2,Track,52,2027-01-04,RECOVERY,16.0,16,25600000.0,25600000.0,DERIVED,SIMULATED
S2-1,S2,Track,53,2027-01-11,BASELINE,16.0,16,25600000.0,25600000.0,DERIVED,SIMULATED
S2-1,S2,Track,53,2027-01-11,CURRENT,16.0,16,25600000.0,25600000.0,DERIVED,SIMULATED
S2-1,S2,Track,53,2027-01-11,RECOVERY,16.0,16,25600000.0,25600000.0,DERIVED,SIMULATED
S2-1,S2,Track,54,2027-01-18,BASELINE,16.0,16,25600000.0,25600000.0,DERIVED,SIMULATED
S2-1,S2,Track,54,2027-01-18,CURRENT,16.0,16,25600000.0,25600000.0,DERIVED,SIMULATED
S2-1,S2,Track,54,2027-01-18,RECOVERY,16.0,16,25600000.0,25600000.0,DERIVED,SIMULATED
S2-1,S2,Track,55,2027-01-25,BASELINE,16.0,16,25600000.0,25600000.0,DERIVED,SIMULATED
S2-1,S2,Track,55,2027-01-25,CURRENT,16.0,16,25600000.0,25600000.0,DERIVED,SIMULATED
S2-1,S2,Track,55,2027-01-25,RECOVERY,16.0,16,25600000.0,25600000.0,DERIVED,SIMULATED
S2-1,S2,Track,56,2027-02-01,BASELINE,16.0,16,25600000.0,25600000.0,DERIVED,SIMULATED
S2-1,S2,Track,56,2027-02-01,CURRENT,16.0,16,25600000.0,25600000.0,DERIVED,SIMULATED
S2-1,S2,Track,56,2027-02-01,RECOVERY,16.0,16,25600000.0,25600000.0,DERIVED,SIMULATED
S2-1,S2,Track,57,2027-02-08,BASELINE,16.0,16,25600000.0,25600000.0,DERIVED,SIMULATED
S2-1,S2,Track,57,2027-02-08,CURRENT,16.0,16,25600000.0,25600000.0,DERIVED,SIMULATED
S2-1,S2,Track,57,2027-02-08,RECOVERY,16.0,16,25600000.0,25600000.0,DERIVED,SIMULATED
S2-1,S2,Track,58,2027-02-15,BASELINE,16.0,16,25600000.0,25600000.0,DERIVED,SIMULATED
S2-1,S2,Track,58,2027-02-15,CURRENT,16.0,16,25600000.0,25600000.0,DERIVED,SIMULATED
S2-1,S2,Track,58,2027-02-15,RECOVERY,16.0,16,25600000.0,25600000.0,DERIVED,SIMULATED
S2-1,S2,Track,59,2027-02-22,BASELINE,16.0,16,25600000.0,25600000.0,DERIVED,SIMULATED
S2-1,S2,Track,59,2027-02-22,CURRENT,16.0,16,25600000.0,25600000.0,DERIVED,SIMULATED
S2-1,S2,Track,59,2027-02-22,RECOVERY,16.0,16,25600000.0,25600000.0,DERIVED,SIMULATED
S2-1,S2,Track,60,2027-03-01,BASELINE,16.0,16,25600000.0,25600000.0,DERIVED,SIMULATED
S2-1,S2,Track,60,2027-03-01,CURRENT,16.0,16,25600000.0,25600000.0,DERIVED,SIMULATED
S2-1,S2,Track,60,2027-03-01,RECOVERY,16.0,16,25600000.0,25600000.0,DERIVED,SIMULATED
S2-1,S2,Track,61,2027-03-08,BASELINE,16.0,16,25600000.0,25600000.0,DERIVED,SIMULATED
S2-1,S2,Track,61,2027-03-08,CURRENT,16.0,16,25600000.0,25600000.0,DERIVED,SIMULATED
S2-1,S2,Track,61,2027-03-08,RECOVERY,16.0,16,25600000.0,25600000.0,DERIVED,SIMULATED
S2-1,S2,Track,62,2027-03-15,BASELINE,16.0,16,25600000.0,25600000.0,DERIVED,SIMULATED
S2-1,S2,Track,62,2027-03-15,CURRENT,16.0,16,25600000.0,25600000.0,DERIVED,SIMULATED
S2-1,S2,Track,62,2027-03-15,RECOVERY,16.0,16,25600000.0,25600000.0,DERIVED,SIMULATED
S2-1,S2,Track,63,2027-03-22,BASELINE,16.0,16,25600000.0,25600000.0,DERIVED,SIMULATED
S2-1,S2,Track,63,2027-03-22,CURRENT,16.0,16,25600000.0,25600000.0,DERIVED,SIMULATED
S2-1,S2,Track,63,2027-03-22,RECOVERY,16.0,16,25600000.0,25600000.0,DERIVED,SIMULATED
S2-1,S2,Track,64,2027-03-29,BASELINE,16.0,16,25600000.0,25600000.0,DERIVED,SIMULATED
S2-1,S2,Track,64,2027-03-29,CURRENT,16.0,16,25600000.0,25600000.0,DERIVED,SIMULATED
S2-1,S2,Track,64,2027-03-29,RECOVERY,16.0,16,25600000.0,25600000.0,DERIVED,SIMULATED
S2-1,S2,Track,65,2027-04-05,BASELINE,16.0,16,25600000.0,25600000.0,DERIVED,SIMULATED
S2-1,S2,Track,65,2027-04-05,CURRENT,16.0,16,25600000.0,25600000.0,DERIVED,SIMULATED
S2-1,S2,Track,65,2027-04-05,RECOVERY,16.0,16,25600000.0,25600000.0,DERIVED,SIMULATED
S2-1,S2,Track,66,2027-04-12,BASELINE,16.0,16,25600000.0,25600000.0,DERIVED,SIMULATED
S2-1,S2,Track,66,2027-04-12,CURRENT,16.0,16,25600000.0,25600000.0,DERIVED,SIMULATED
S2-1,S2,Track,66,2027-04-12,RECOVERY,16.0,16,25600000.0,25600000.0,DERIVED,SIMULATED
S2-1,S2,Track,67,2027-04-19,BASELINE,16.0,16,25600000.0,25600000.0,DERIVED,SIMULATED
S2-1,S2,Track,67,2027-04-19,CURRENT,16.0,16,25600000.0,25600000.0,DERIVED,SIMULATED
S2-1,S2,Track,67,2027-04-19,RECOVERY,16.0,16,25600000.0,25600000.0,DERIVED,SIMULATED
S2-1,S2,Track,68,2027-04-26,BASELINE,16.0,16,25600000.0,25600000.0,DERIVED,SIMULATED
S2-1,S2,Track,68,2027-04-26,CURRENT,16.0,16,25600000.0,25600000.0,DERIVED,SIMULATED
S2-1,S2,Track,68,2027-04-26,RECOVERY,16.0,16,25600000.0,25600000.0,DERIVED,SIMULATED
S2-1,S2,Track,69,2027-05-03,BASELINE,16.0,16,25600000.0,25600000.0,DERIVED,SIMULATED
S2-1,S2,Track,69,2027-05-03,CURRENT,16.0,16,25600000.0,25600000.0,DERIVED,SIMULATED
S2-1,S2,Track,69,2027-05-03,RECOVERY,16.0,16,25600000.0,25600000.0,DERIVED,SIMULATED
S2-1,S2,Track,70,2027-05-10,BASELINE,16.0,16,25600000.0,25600000.0,DERIVED,SIMULATED
S2-1,S2,Track,70,2027-05-10,CURRENT,16.0,16,25600000.0,25600000.0,DERIVED,SIMULATED
S2-1,S2,Track,70,2027-05-10,RECOVERY,16.0,16,25600000.0,25600000.0,DERIVED,SIMULATED
S2-1,S2,Track,71,2027-05-17,BASELINE,16.0,16,25600000.0,25600000.0,DERIVED,SIMULATED
S2-1,S2,Track,71,2027-05-17,CURRENT,16.0,16,25600000.0,25600000.0,DERIVED,SIMULATED
S2-1,S2,Track,71,2027-05-17,RECOVERY,16.0,16,25600000.0,25600000.0,DERIVED,SIMULATED
S2-1,S2,Track,72,2027-05-24,BASELINE,16.0,16,25600000.0,25600000.0,DERIVED,SIMULATED
S2-1,S2,Track,72,2027-05-24,CURRENT,16.0,16,25600000.0,25600000.0,DERIVED,SIMULATED
S2-1,S2,Track,72,2027-05-24,RECOVERY,16.0,16,25600000.0,25600000.0,DERIVED,SIMULATED
S2-1,S2,Track,73,2027-05-31,BASELINE,16.0,16,25600000.0,25600000.0,DERIVED,SIMULATED
S2-1,S2,Track,73,2027-05-31,CURRENT,16.0,16,25600000.0,25600000.0,DERIVED,SIMULATED
S2-1,S2,Track,73,2027-05-31,RECOVERY,16.0,16,25600000.0,25600000.0,DERIVED,SIMULATED
S2-1,S2,Track,74,2027-06-07,BASELINE,16.0,16,25600000.0,25600000.0,DERIVED,SIMULATED
S2-1,S2,Track,74,2027-06-07,CURRENT,16.0,16,25600000.0,25600000.0,DERIVED,SIMULATED
S2-1,S2,Track,74,2027-06-07,RECOVERY,16.0,16,25600000.0,25600000.0,DERIVED,SIMULATED
S2-1,S2,Track,75,2027-06-14,BASELINE,16.0,16,25600000.0,25600000.0,DERIVED,SIMULATED
S2-1,S2,Track,75,2027-06-14,CURRENT,16.0,16,25600000.0,25600000.0,DERIVED,SIMULATED
S2-1,S2,Track,75,2027-06-14,RECOVERY,16.0,16,25600000.0,25600000.0,DERIVED,SIMULATED
S2-1,S2,Track,76,2027-06-21,BASELINE,16.0,16,25600000.0,25600000.0,DERIVED,SIMULATED
S2-1,S2,Track,76,2027-06-21,CURRENT,16.0,16,25600000.0,25600000.0,DERIVED,SIMULATED
S2-1,S2,Track,76,2027-06-21,RECOVERY,16.0,16,25600000.0,25600000.0,DERIVED,SIMULATED
S2-1,S2,Track,77,2027-06-28,BASELINE,16.0,16,25600000.0,25600000.0,DERIVED,SIMULATED
S2-1,S2,Track,77,2027-06-28,CURRENT,16.0,16,25600000.0,25600000.0,DERIVED,SIMULATED
S2-1,S2,Track,77,2027-06-28,RECOVERY,16.0,16,25600000.0,25600000.0,DERIVED,SIMULATED
S2-1,S2,Track,78,2027-07-05,BASELINE,16.0,16,25600000.0,25600000.0,DERIVED,SIMULATED
S2-1,S2,Track,78,2027-07-05,CURRENT,16.0,16,25600000.0,25600000.0,DERIVED,SIMULATED
S2-1,S2,Track,78,2027-07-05,RECOVERY,16.0,16,25600000.0,25600000.0,DERIVED,SIMULATED
S2-1,S2,Track,79,2027-07-12,BASELINE,16.0,16,25600000.0,25600000.0,DERIVED,SIMULATED
S2-1,S2,Track,79,2027-07-12,CURRENT,16.0,16,25600000.0,25600000.0,DERIVED,SIMULATED
S2-1,S2,Track,79,2027-07-12,RECOVERY,16.0,16,25600000.0,25600000.0,DERIVED,SIMULATED
S2-1,S2,Track,80,2027-07-19,BASELINE,16.0,16,25600000.0,25600000.0,DERIVED,SIMULATED
S2-1,S2,Track,80,2027-07-19,CURRENT,16.0,16,25600000.0,25600000.0,DERIVED,SIMULATED
S2-1,S2,Track,80,2027-07-19,RECOVERY,16.0,16,25600000.0,25600000.0,DERIVED,SIMULATED
S2-1,S2,Track,81,2027-07-26,BASELINE,16.0,16,25600000.0,25600000.0,DERIVED,SIMULATED
S2-1,S2,Track,81,2027-07-26,CURRENT,16.0,16,25600000.0,25600000.0,DERIVED,SIMULATED
S2-1,S2,Track,81,2027-07-26,RECOVERY,16.0,16,25600000.0,25600000.0,DERIVED,SIMULATED
S2-1,S2,Track,82,2027-08-02,BASELINE,16.0,16,25600000.0,25600000.0,DERIVED,SIMULATED
S2-1,S2,Track,82,2027-08-02,CURRENT,16.0,16,25600000.0,25600000.0,DERIVED,SIMULATED
S2-1,S2,Track,82,2027-08-02,RECOVERY,16.0,16,25600000.0,25600000.0,DERIVED,SIMULATED
S2-2,S2,Electrification,30,2026-08-03,BASELINE,9.025641025641026,16,17600000.0,9928205.128205128,DERIVED,SIMULATED
S2-2,S2,Electrification,30,2026-08-03,CURRENT,8.251834663099716,16,17600000.0,9077018.129409688,DERIVED,SIMULATED
S2-2,S2,Electrification,30,2026-08-03,RECOVERY,8.251834663099716,16,17600000.0,9077018.129409688,DERIVED,SIMULATED
S2-2,S2,Electrification,31,2026-08-10,BASELINE,9.435897435897436,16,17600000.0,10379487.17948718,DERIVED,SIMULATED
S2-2,S2,Electrification,31,2026-08-10,CURRENT,8.618858420380995,16,17600000.0,9480744.262419095,DERIVED,SIMULATED
S2-2,S2,Electrification,31,2026-08-10,RECOVERY,8.710614359701314,16,17600000.0,9581675.795671444,DERIVED,SIMULATED
S2-2,S2,Electrification,32,2026-08-17,BASELINE,9.846153846153847,16,17600000.0,10830769.230769232,DERIVED,SIMULATED
S2-2,S2,Electrification,32,2026-08-17,CURRENT,8.985882177662273,16,17600000.0,9884470.3954285,DERIVED,SIMULATED
S2-2,S2,Electrification,32,2026-08-17,RECOVERY,9.169394056302913,16,17600000.0,10086333.461933205,DERIVED,SIMULATED
S2-2,S2,Electrification,33,2026-08-24,BASELINE,10.256410256410257,16,17600000.0,11282051.282051284,DERIVED,SIMULATED
S2-2,S2,Electrification,33,2026-08-24,CURRENT,9.352905934943552,16,17600000.0,10288196.528437907,DERIVED,SIMULATED
S2-2,S2,Electrification,33,2026-08-24,RECOVERY,9.62817375290451,16,17600000.0,10590991.128194962,DERIVED,SIMULATED
S2-2,S2,Electrification,34,2026-08-31,BASELINE,10.666666666666666,16,17600000.0,11733333.333333332,DERIVED,SIMULATED
S2-2,S2,Electrification,34,2026-08-31,CURRENT,9.71992969222483,16,17600000.0,10691922.661447315,DERIVED,SIMULATED
S2-2,S2,Electrification,34,2026-08-31,RECOVERY,10.08695344950611,16,17600000.0,11095648.79445672,DERIVED,SIMULATED
S2-2,S2,Electrification,35,2026-09-07,BASELINE,11.076923076923077,16,17600000.0,12184615.384615384,DERIVED,SIMULATED
S2-2,S2,Electrification,35,2026-09-07,CURRENT,10.08695344950611,16,17600000.0,11095648.79445672,DERIVED,SIMULATED
S2-2,S2,Electrification,35,2026-09-07,RECOVERY,10.545733146107708,16,17600000.0,11600306.460718479,DERIVED,SIMULATED
S2-2,S2,Electrification,36,2026-09-14,BASELINE,11.487179487179487,16,17600000.0,12635897.435897436,DERIVED,SIMULATED
S2-2,S2,Electrification,36,2026-09-14,CURRENT,10.453977206787389,16,17600000.0,11499374.927466128,DERIVED,SIMULATED
S2-2,S2,Electrification,36,2026-09-14,RECOVERY,11.004512842709307,16,17600000.0,12104964.126980238,DERIVED,SIMULATED
S2-2,S2,Electrification,37,2026-09-21,BASELINE,11.897435897435898,16,17600000.0,13087179.487179488,DERIVED,SIMULATED
S2-2,S2,Electrification,37,2026-09-21,CURRENT,10.821000964068666,16,17600000.0,11903101.060475534,DERIVED,SIMULATED
S2-2,S2,Electrification,37,2026-09-21,RECOVERY,11.463292539310904,16,17600000.0,12609621.793241994,DERIVED,SIMULATED
S2-2,S2,Electrification,38,2026-09-28,BASELINE,12.307692307692308,16,17600000.0,13538461.53846154,DERIVED,SIMULATED
S2-2,S2,Electrification,38,2026-09-28,CURRENT,11.188024721349946,16,17600000.0,12306827.19348494,DERIVED,SIMULATED
S2-2,S2,Electrification,38,2026-09-28,RECOVERY,11.922072235912502,16,17600000.0,13114279.459503751,DERIVED,SIMULATED
S2-2,S2,Electrification,39,2026-10-05,BASELINE,12.717948717948717,16,17600000.0,13989743.589743588,DERIVED,SIMULATED
S2-2,S2,Electrification,39,2026-10-05,CURRENT,11.555048478631225,16,17600000.0,12710553.326494347,DERIVED,SIMULATED
S2-2,S2,Electrification,39,2026-10-05,RECOVERY,12.380851932514101,16,17600000.0,13618937.125765512,DERIVED,SIMULATED
S2-2,S2,Electrification,40,2026-10-12,BASELINE,13.128205128205128,16,17600000.0,14441025.64102564,DERIVED,SIMULATED
S2-2,S2,Electrification,40,2026-10-12,CURRENT,11.922072235912502,16,17600000.0,13114279.459503751,DERIVED,SIMULATED
S2-2,S2,Electrification,40,2026-10-12,RECOVERY,12.8396316291157,16,17600000.0,14123594.79202727,DERIVED,SIMULATED
S2-2,S2,Electrification,41,2026-10-19,BASELINE,13.538461538461538,16,17600000.0,14892307.692307692,DERIVED,SIMULATED
S2-2,S2,Electrification,41,2026-10-19,CURRENT,12.289095993193781,16,17600000.0,13518005.592513159,DERIVED,SIMULATED
S2-2,S2,Electrification,41,2026-10-19,RECOVERY,13.298411325717296,16,17600000.0,14628252.458289025,DERIVED,SIMULATED
S2-2,S2,Electrification,42,2026-10-26,BASELINE,13.948717948717949,16,17600000.0,15343589.743589744,DERIVED,SIMULATED
S2-2,S2,Electrification,42,2026-10-26,CURRENT,12.65611975047506,16,17600000.0,13921731.725522567,DERIVED,SIMULATED
S2-2,S2,Electrification,42,2026-10-26,RECOVERY,13.757191022318896,16,17600000.0,15132910.124550786,DERIVED,SIMULATED
S2-2,S2,Electrification,43,2026-11-02,BASELINE,14.35897435897436,16,17600000.0,15794871.794871796,DERIVED,SIMULATED
S2-2,S2,Electrification,43,2026-11-02,CURRENT,13.02314350775634,16,17600000.0,14325457.858531972,DERIVED,SIMULATED
S2-2,S2,Electrification,43,2026-11-02,RECOVERY,14.215970718920495,16,17600000.0,15637567.790812545,DERIVED,SIMULATED
S2-2,S2,Electrification,44,2026-11-09,BASELINE,14.76923076923077,16,17600000.0,16246153.846153848,DERIVED,SIMULATED
S2-2,S2,Electrification,44,2026-11-09,CURRENT,13.390167265037618,16,17600000.0,14729183.99154138,DERIVED,SIMULATED
S2-2,S2,Electrification,44,2026-11-09,RECOVERY,14.674750415522093,16,17600000.0,16142225.457074301,DERIVED,SIMULATED
S2-2,S2,Electrification,45,2026-11-16,BASELINE,15.179487179487179,16,17600000.0,16697435.897435896,DERIVED,SIMULATED
S2-2,S2,Electrification,45,2026-11-16,CURRENT,13.757191022318896,16,17600000.0,15132910.124550786,DERIVED,SIMULATED
S2-2,S2,Electrification,45,2026-11-16,RECOVERY,15.13353011212369,16,17600000.0,16646883.12333606,DERIVED,SIMULATED
S2-2,S2,Electrification,46,2026-11-23,BASELINE,15.58974358974359,16,17600000.0,17148717.948717948,DERIVED,SIMULATED
S2-2,S2,Electrification,46,2026-11-23,CURRENT,14.124214779600175,16,17600000.0,15536636.257560192,DERIVED,SIMULATED
S2-2,S2,Electrification,46,2026-11-23,RECOVERY,15.59230980872529,16,17600000.0,17151540.789597817,DERIVED,SIMULATED
S2-2,S2,Electrification,47,2026-11-30,BASELINE,16.0,16,17600000.0,17600000.0,DERIVED,SIMULATED
S2-2,S2,Electrification,47,2026-11-30,CURRENT,14.491238536881454,16,17600000.0,15940362.3905696,DERIVED,SIMULATED
S2-2,S2,Electrification,47,2026-11-30,RECOVERY,16.0,16,17600000.0,17600000.0,DERIVED,SIMULATED
S2-2,S2,Electrification,48,2026-12-07,BASELINE,16.0,16,17600000.0,17600000.0,DERIVED,SIMULATED
S2-2,S2,Electrification,48,2026-12-07,CURRENT,14.858262294162731,16,17600000.0,16344088.523579005,DERIVED,SIMULATED
S2-2,S2,Electrification,48,2026-12-07,RECOVERY,16.0,16,17600000.0,17600000.0,DERIVED,SIMULATED
S2-2,S2,Electrification,49,2026-12-14,BASELINE,16.0,16,17600000.0,17600000.0,DERIVED,SIMULATED
S2-2,S2,Electrification,49,2026-12-14,CURRENT,15.22528605144401,16,17600000.0,16747814.656588411,DERIVED,SIMULATED
S2-2,S2,Electrification,49,2026-12-14,RECOVERY,16.0,16,17600000.0,17600000.0,DERIVED,SIMULATED
S2-2,S2,Electrification,50,2026-12-21,BASELINE,16.0,16,17600000.0,17600000.0,DERIVED,SIMULATED
S2-2,S2,Electrification,50,2026-12-21,CURRENT,15.59230980872529,16,17600000.0,17151540.789597817,DERIVED,SIMULATED
S2-2,S2,Electrification,50,2026-12-21,RECOVERY,16.0,16,17600000.0,17600000.0,DERIVED,SIMULATED
S2-2,S2,Electrification,51,2026-12-28,BASELINE,16.0,16,17600000.0,17600000.0,DERIVED,SIMULATED
S2-2,S2,Electrification,51,2026-12-28,CURRENT,15.959333566006569,16,17600000.0,17555266.922607224,DERIVED,SIMULATED
S2-2,S2,Electrification,51,2026-12-28,RECOVERY,16.0,16,17600000.0,17600000.0,DERIVED,SIMULATED
S2-2,S2,Electrification,52,2027-01-04,BASELINE,16.0,16,17600000.0,17600000.0,DERIVED,SIMULATED
S2-2,S2,Electrification,52,2027-01-04,CURRENT,16.0,16,17600000.0,17600000.0,DERIVED,SIMULATED
S2-2,S2,Electrification,52,2027-01-04,RECOVERY,16.0,16,17600000.0,17600000.0,DERIVED,SIMULATED
S2-2,S2,Electrification,53,2027-01-11,BASELINE,16.0,16,17600000.0,17600000.0,DERIVED,SIMULATED
S2-2,S2,Electrification,53,2027-01-11,CURRENT,16.0,16,17600000.0,17600000.0,DERIVED,SIMULATED
S2-2,S2,Electrification,53,2027-01-11,RECOVERY,16.0,16,17600000.0,17600000.0,DERIVED,SIMULATED
S2-2,S2,Electrification,54,2027-01-18,BASELINE,16.0,16,17600000.0,17600000.0,DERIVED,SIMULATED
S2-2,S2,Electrification,54,2027-01-18,CURRENT,16.0,16,17600000.0,17600000.0,DERIVED,SIMULATED
S2-2,S2,Electrification,54,2027-01-18,RECOVERY,16.0,16,17600000.0,17600000.0,DERIVED,SIMULATED
S2-2,S2,Electrification,55,2027-01-25,BASELINE,16.0,16,17600000.0,17600000.0,DERIVED,SIMULATED
S2-2,S2,Electrification,55,2027-01-25,CURRENT,16.0,16,17600000.0,17600000.0,DERIVED,SIMULATED
S2-2,S2,Electrification,55,2027-01-25,RECOVERY,16.0,16,17600000.0,17600000.0,DERIVED,SIMULATED
S2-2,S2,Electrification,56,2027-02-01,BASELINE,16.0,16,17600000.0,17600000.0,DERIVED,SIMULATED
S2-2,S2,Electrification,56,2027-02-01,CURRENT,16.0,16,17600000.0,17600000.0,DERIVED,SIMULATED
S2-2,S2,Electrification,56,2027-02-01,RECOVERY,16.0,16,17600000.0,17600000.0,DERIVED,SIMULATED
S2-2,S2,Electrification,57,2027-02-08,BASELINE,16.0,16,17600000.0,17600000.0,DERIVED,SIMULATED
S2-2,S2,Electrification,57,2027-02-08,CURRENT,16.0,16,17600000.0,17600000.0,DERIVED,SIMULATED
S2-2,S2,Electrification,57,2027-02-08,RECOVERY,16.0,16,17600000.0,17600000.0,DERIVED,SIMULATED
S2-2,S2,Electrification,58,2027-02-15,BASELINE,16.0,16,17600000.0,17600000.0,DERIVED,SIMULATED
S2-2,S2,Electrification,58,2027-02-15,CURRENT,16.0,16,17600000.0,17600000.0,DERIVED,SIMULATED
S2-2,S2,Electrification,58,2027-02-15,RECOVERY,16.0,16,17600000.0,17600000.0,DERIVED,SIMULATED
S2-2,S2,Electrification,59,2027-02-22,BASELINE,16.0,16,17600000.0,17600000.0,DERIVED,SIMULATED
S2-2,S2,Electrification,59,2027-02-22,CURRENT,16.0,16,17600000.0,17600000.0,DERIVED,SIMULATED
S2-2,S2,Electrification,59,2027-02-22,RECOVERY,16.0,16,17600000.0,17600000.0,DERIVED,SIMULATED
S2-2,S2,Electrification,60,2027-03-01,BASELINE,16.0,16,17600000.0,17600000.0,DERIVED,SIMULATED
S2-2,S2,Electrification,60,2027-03-01,CURRENT,16.0,16,17600000.0,17600000.0,DERIVED,SIMULATED
S2-2,S2,Electrification,60,2027-03-01,RECOVERY,16.0,16,17600000.0,17600000.0,DERIVED,SIMULATED
S2-2,S2,Electrification,61,2027-03-08,BASELINE,16.0,16,17600000.0,17600000.0,DERIVED,SIMULATED
S2-2,S2,Electrification,61,2027-03-08,CURRENT,16.0,16,17600000.0,17600000.0,DERIVED,SIMULATED
S2-2,S2,Electrification,61,2027-03-08,RECOVERY,16.0,16,17600000.0,17600000.0,DERIVED,SIMULATED
S2-2,S2,Electrification,62,2027-03-15,BASELINE,16.0,16,17600000.0,17600000.0,DERIVED,SIMULATED
S2-2,S2,Electrification,62,2027-03-15,CURRENT,16.0,16,17600000.0,17600000.0,DERIVED,SIMULATED
S2-2,S2,Electrification,62,2027-03-15,RECOVERY,16.0,16,17600000.0,17600000.0,DERIVED,SIMULATED
S2-2,S2,Electrification,63,2027-03-22,BASELINE,16.0,16,17600000.0,17600000.0,DERIVED,SIMULATED
S2-2,S2,Electrification,63,2027-03-22,CURRENT,16.0,16,17600000.0,17600000.0,DERIVED,SIMULATED
S2-2,S2,Electrification,63,2027-03-22,RECOVERY,16.0,16,17600000.0,17600000.0,DERIVED,SIMULATED
S2-2,S2,Electrification,64,2027-03-29,BASELINE,16.0,16,17600000.0,17600000.0,DERIVED,SIMULATED
S2-2,S2,Electrification,64,2027-03-29,CURRENT,16.0,16,17600000.0,17600000.0,DERIVED,SIMULATED
S2-2,S2,Electrification,64,2027-03-29,RECOVERY,16.0,16,17600000.0,17600000.0,DERIVED,SIMULATED
S2-2,S2,Electrification,65,2027-04-05,BASELINE,16.0,16,17600000.0,17600000.0,DERIVED,SIMULATED
S2-2,S2,Electrification,65,2027-04-05,CURRENT,16.0,16,17600000.0,17600000.0,DERIVED,SIMULATED
S2-2,S2,Electrification,65,2027-04-05,RECOVERY,16.0,16,17600000.0,17600000.0,DERIVED,SIMULATED
S2-2,S2,Electrification,66,2027-04-12,BASELINE,16.0,16,17600000.0,17600000.0,DERIVED,SIMULATED
S2-2,S2,Electrification,66,2027-04-12,CURRENT,16.0,16,17600000.0,17600000.0,DERIVED,SIMULATED
S2-2,S2,Electrification,66,2027-04-12,RECOVERY,16.0,16,17600000.0,17600000.0,DERIVED,SIMULATED
S2-2,S2,Electrification,67,2027-04-19,BASELINE,16.0,16,17600000.0,17600000.0,DERIVED,SIMULATED
S2-2,S2,Electrification,67,2027-04-19,CURRENT,16.0,16,17600000.0,17600000.0,DERIVED,SIMULATED
S2-2,S2,Electrification,67,2027-04-19,RECOVERY,16.0,16,17600000.0,17600000.0,DERIVED,SIMULATED
S2-2,S2,Electrification,68,2027-04-26,BASELINE,16.0,16,17600000.0,17600000.0,DERIVED,SIMULATED
S2-2,S2,Electrification,68,2027-04-26,CURRENT,16.0,16,17600000.0,17600000.0,DERIVED,SIMULATED
S2-2,S2,Electrification,68,2027-04-26,RECOVERY,16.0,16,17600000.0,17600000.0,DERIVED,SIMULATED
S2-2,S2,Electrification,69,2027-05-03,BASELINE,16.0,16,17600000.0,17600000.0,DERIVED,SIMULATED
S2-2,S2,Electrification,69,2027-05-03,CURRENT,16.0,16,17600000.0,17600000.0,DERIVED,SIMULATED
S2-2,S2,Electrification,69,2027-05-03,RECOVERY,16.0,16,17600000.0,17600000.0,DERIVED,SIMULATED
S2-2,S2,Electrification,70,2027-05-10,BASELINE,16.0,16,17600000.0,17600000.0,DERIVED,SIMULATED
S2-2,S2,Electrification,70,2027-05-10,CURRENT,16.0,16,17600000.0,17600000.0,DERIVED,SIMULATED
S2-2,S2,Electrification,70,2027-05-10,RECOVERY,16.0,16,17600000.0,17600000.0,DERIVED,SIMULATED
S2-2,S2,Electrification,71,2027-05-17,BASELINE,16.0,16,17600000.0,17600000.0,DERIVED,SIMULATED
S2-2,S2,Electrification,71,2027-05-17,CURRENT,16.0,16,17600000.0,17600000.0,DERIVED,SIMULATED
S2-2,S2,Electrification,71,2027-05-17,RECOVERY,16.0,16,17600000.0,17600000.0,DERIVED,SIMULATED
S2-2,S2,Electrification,72,2027-05-24,BASELINE,16.0,16,17600000.0,17600000.0,DERIVED,SIMULATED
S2-2,S2,Electrification,72,2027-05-24,CURRENT,16.0,16,17600000.0,17600000.0,DERIVED,SIMULATED
S2-2,S2,Electrification,72,2027-05-24,RECOVERY,16.0,16,17600000.0,17600000.0,DERIVED,SIMULATED
S2-2,S2,Electrification,73,2027-05-31,BASELINE,16.0,16,17600000.0,17600000.0,DERIVED,SIMULATED
S2-2,S2,Electrification,73,2027-05-31,CURRENT,16.0,16,17600000.0,17600000.0,DERIVED,SIMULATED
S2-2,S2,Electrification,73,2027-05-31,RECOVERY,16.0,16,17600000.0,17600000.0,DERIVED,SIMULATED
S2-2,S2,Electrification,74,2027-06-07,BASELINE,16.0,16,17600000.0,17600000.0,DERIVED,SIMULATED
S2-2,S2,Electrification,74,2027-06-07,CURRENT,16.0,16,17600000.0,17600000.0,DERIVED,SIMULATED
S2-2,S2,Electrification,74,2027-06-07,RECOVERY,16.0,16,17600000.0,17600000.0,DERIVED,SIMULATED
S2-2,S2,Electrification,75,2027-06-14,BASELINE,16.0,16,17600000.0,17600000.0,DERIVED,SIMULATED
S2-2,S2,Electrification,75,2027-06-14,CURRENT,16.0,16,17600000.0,17600000.0,DERIVED,SIMULATED
S2-2,S2,Electrification,75,2027-06-14,RECOVERY,16.0,16,17600000.0,17600000.0,DERIVED,SIMULATED
S2-2,S2,Electrification,76,2027-06-21,BASELINE,16.0,16,17600000.0,17600000.0,DERIVED,SIMULATED
S2-2,S2,Electrification,76,2027-06-21,CURRENT,16.0,16,17600000.0,17600000.0,DERIVED,SIMULATED
S2-2,S2,Electrification,76,2027-06-21,RECOVERY,16.0,16,17600000.0,17600000.0,DERIVED,SIMULATED
S2-2,S2,Electrification,77,2027-06-28,BASELINE,16.0,16,17600000.0,17600000.0,DERIVED,SIMULATED
S2-2,S2,Electrification,77,2027-06-28,CURRENT,16.0,16,17600000.0,17600000.0,DERIVED,SIMULATED
S2-2,S2,Electrification,77,2027-06-28,RECOVERY,16.0,16,17600000.0,17600000.0,DERIVED,SIMULATED
S2-2,S2,Electrification,78,2027-07-05,BASELINE,16.0,16,17600000.0,17600000.0,DERIVED,SIMULATED
S2-2,S2,Electrification,78,2027-07-05,CURRENT,16.0,16,17600000.0,17600000.0,DERIVED,SIMULATED
S2-2,S2,Electrification,78,2027-07-05,RECOVERY,16.0,16,17600000.0,17600000.0,DERIVED,SIMULATED
S2-2,S2,Electrification,79,2027-07-12,BASELINE,16.0,16,17600000.0,17600000.0,DERIVED,SIMULATED
S2-2,S2,Electrification,79,2027-07-12,CURRENT,16.0,16,17600000.0,17600000.0,DERIVED,SIMULATED
S2-2,S2,Electrification,79,2027-07-12,RECOVERY,16.0,16,17600000.0,17600000.0,DERIVED,SIMULATED
S2-2,S2,Electrification,80,2027-07-19,BASELINE,16.0,16,17600000.0,17600000.0,DERIVED,SIMULATED
S2-2,S2,Electrification,80,2027-07-19,CURRENT,16.0,16,17600000.0,17600000.0,DERIVED,SIMULATED
S2-2,S2,Electrification,80,2027-07-19,RECOVERY,16.0,16,17600000.0,17600000.0,DERIVED,SIMULATED
S2-2,S2,Electrification,81,2027-07-26,BASELINE,16.0,16,17600000.0,17600000.0,DERIVED,SIMULATED
S2-2,S2,Electrification,81,2027-07-26,CURRENT,16.0,16,17600000.0,17600000.0,DERIVED,SIMULATED
S2-2,S2,Electrification,81,2027-07-26,RECOVERY,16.0,16,17600000.0,17600000.0,DERIVED,SIMULATED
S2-2,S2,Electrification,82,2027-08-02,BASELINE,16.0,16,17600000.0,17600000.0,DERIVED,SIMULATED
S2-2,S2,Electrification,82,2027-08-02,CURRENT,16.0,16,17600000.0,17600000.0,DERIVED,SIMULATED
S2-2,S2,Electrification,82,2027-08-02,RECOVERY,16.0,16,17600000.0,17600000.0,DERIVED,SIMULATED
S2-3,S2,Stations,30,2026-08-03,BASELINE,1.3,2,24000000.0,15600000.0,DERIVED,SIMULATED
S2-3,S2,Stations,30,2026-08-03,CURRENT,1.0,2,24000000.0,12000000.0,DERIVED,SIMULATED
S2-3,S2,Stations,30,2026-08-03,RECOVERY,1.0,2,24000000.0,12000000.0,DERIVED,SIMULATED
S2-3,S2,Stations,31,2026-08-10,BASELINE,1.35,2,24000000.0,16200000.000000002,DERIVED,SIMULATED
S2-3,S2,Stations,31,2026-08-10,CURRENT,1.0,2,24000000.0,12000000.0,DERIVED,SIMULATED
S2-3,S2,Stations,31,2026-08-10,RECOVERY,1.0,2,24000000.0,12000000.0,DERIVED,SIMULATED
S2-3,S2,Stations,32,2026-08-17,BASELINE,1.4,2,24000000.0,16800000.0,DERIVED,SIMULATED
S2-3,S2,Stations,32,2026-08-17,CURRENT,1.0,2,24000000.0,12000000.0,DERIVED,SIMULATED
S2-3,S2,Stations,32,2026-08-17,RECOVERY,1.0,2,24000000.0,12000000.0,DERIVED,SIMULATED
S2-3,S2,Stations,33,2026-08-24,BASELINE,1.45,2,24000000.0,17400000.0,DERIVED,SIMULATED
S2-3,S2,Stations,33,2026-08-24,CURRENT,1.0,2,24000000.0,12000000.0,DERIVED,SIMULATED
S2-3,S2,Stations,33,2026-08-24,RECOVERY,1.0,2,24000000.0,12000000.0,DERIVED,SIMULATED
S2-3,S2,Stations,34,2026-08-31,BASELINE,1.5,2,24000000.0,18000000.0,DERIVED,SIMULATED
S2-3,S2,Stations,34,2026-08-31,CURRENT,1.0,2,24000000.0,12000000.0,DERIVED,SIMULATED
S2-3,S2,Stations,34,2026-08-31,RECOVERY,1.0,2,24000000.0,12000000.0,DERIVED,SIMULATED
S2-3,S2,Stations,35,2026-09-07,BASELINE,1.55,2,24000000.0,18600000.0,DERIVED,SIMULATED
S2-3,S2,Stations,35,2026-09-07,CURRENT,1.0,2,24000000.0,12000000.0,DERIVED,SIMULATED
S2-3,S2,Stations,35,2026-09-07,RECOVERY,1.0,2,24000000.0,12000000.0,DERIVED,SIMULATED
S2-3,S2,Stations,36,2026-09-14,BASELINE,1.6,2,24000000.0,19200000.0,DERIVED,SIMULATED
S2-3,S2,Stations,36,2026-09-14,CURRENT,1.0,2,24000000.0,12000000.0,DERIVED,SIMULATED
S2-3,S2,Stations,36,2026-09-14,RECOVERY,1.0,2,24000000.0,12000000.0,DERIVED,SIMULATED
S2-3,S2,Stations,37,2026-09-21,BASELINE,1.65,2,24000000.0,19800000.0,DERIVED,SIMULATED
S2-3,S2,Stations,37,2026-09-21,CURRENT,1.0,2,24000000.0,12000000.0,DERIVED,SIMULATED
S2-3,S2,Stations,37,2026-09-21,RECOVERY,1.0,2,24000000.0,12000000.0,DERIVED,SIMULATED
S2-3,S2,Stations,38,2026-09-28,BASELINE,1.7,2,24000000.0,20400000.0,DERIVED,SIMULATED
S2-3,S2,Stations,38,2026-09-28,CURRENT,1.0,2,24000000.0,12000000.0,DERIVED,SIMULATED
S2-3,S2,Stations,38,2026-09-28,RECOVERY,1.0,2,24000000.0,12000000.0,DERIVED,SIMULATED
S2-3,S2,Stations,39,2026-10-05,BASELINE,1.75,2,24000000.0,21000000.0,DERIVED,SIMULATED
S2-3,S2,Stations,39,2026-10-05,CURRENT,1.0,2,24000000.0,12000000.0,DERIVED,SIMULATED
S2-3,S2,Stations,39,2026-10-05,RECOVERY,1.0,2,24000000.0,12000000.0,DERIVED,SIMULATED
S2-3,S2,Stations,40,2026-10-12,BASELINE,1.8,2,24000000.0,21600000.0,DERIVED,SIMULATED
S2-3,S2,Stations,40,2026-10-12,CURRENT,1.0,2,24000000.0,12000000.0,DERIVED,SIMULATED
S2-3,S2,Stations,40,2026-10-12,RECOVERY,1.0,2,24000000.0,12000000.0,DERIVED,SIMULATED
S2-3,S2,Stations,41,2026-10-19,BASELINE,1.85,2,24000000.0,22200000.0,DERIVED,SIMULATED
S2-3,S2,Stations,41,2026-10-19,CURRENT,1.0,2,24000000.0,12000000.0,DERIVED,SIMULATED
S2-3,S2,Stations,41,2026-10-19,RECOVERY,1.0,2,24000000.0,12000000.0,DERIVED,SIMULATED
S2-3,S2,Stations,42,2026-10-26,BASELINE,1.9,2,24000000.0,22800000.0,DERIVED,SIMULATED
S2-3,S2,Stations,42,2026-10-26,CURRENT,1.0,2,24000000.0,12000000.0,DERIVED,SIMULATED
S2-3,S2,Stations,42,2026-10-26,RECOVERY,1.0,2,24000000.0,12000000.0,DERIVED,SIMULATED
S2-3,S2,Stations,43,2026-11-02,BASELINE,1.95,2,24000000.0,23400000.0,DERIVED,SIMULATED
S2-3,S2,Stations,43,2026-11-02,CURRENT,1.0,2,24000000.0,12000000.0,DERIVED,SIMULATED
S2-3,S2,Stations,43,2026-11-02,RECOVERY,1.0,2,24000000.0,12000000.0,DERIVED,SIMULATED
S2-3,S2,Stations,44,2026-11-09,BASELINE,2.0,2,24000000.0,24000000.0,DERIVED,SIMULATED
S2-3,S2,Stations,44,2026-11-09,CURRENT,1.0,2,24000000.0,12000000.0,DERIVED,SIMULATED
S2-3,S2,Stations,44,2026-11-09,RECOVERY,1.0,2,24000000.0,12000000.0,DERIVED,SIMULATED
S2-3,S2,Stations,45,2026-11-16,BASELINE,2.0,2,24000000.0,24000000.0,DERIVED,SIMULATED
S2-3,S2,Stations,45,2026-11-16,CURRENT,1.0,2,24000000.0,12000000.0,DERIVED,SIMULATED
S2-3,S2,Stations,45,2026-11-16,RECOVERY,1.0,2,24000000.0,12000000.0,DERIVED,SIMULATED
S2-3,S2,Stations,46,2026-11-23,BASELINE,2.0,2,24000000.0,24000000.0,DERIVED,SIMULATED
S2-3,S2,Stations,46,2026-11-23,CURRENT,1.0,2,24000000.0,12000000.0,DERIVED,SIMULATED
S2-3,S2,Stations,46,2026-11-23,RECOVERY,1.0,2,24000000.0,12000000.0,DERIVED,SIMULATED
S2-3,S2,Stations,47,2026-11-30,BASELINE,2.0,2,24000000.0,24000000.0,DERIVED,SIMULATED
S2-3,S2,Stations,47,2026-11-30,CURRENT,1.0,2,24000000.0,12000000.0,DERIVED,SIMULATED
S2-3,S2,Stations,47,2026-11-30,RECOVERY,1.0,2,24000000.0,12000000.0,DERIVED,SIMULATED
S2-3,S2,Stations,48,2026-12-07,BASELINE,2.0,2,24000000.0,24000000.0,DERIVED,SIMULATED
S2-3,S2,Stations,48,2026-12-07,CURRENT,1.0,2,24000000.0,12000000.0,DERIVED,SIMULATED
S2-3,S2,Stations,48,2026-12-07,RECOVERY,1.0,2,24000000.0,12000000.0,DERIVED,SIMULATED
S2-3,S2,Stations,49,2026-12-14,BASELINE,2.0,2,24000000.0,24000000.0,DERIVED,SIMULATED
S2-3,S2,Stations,49,2026-12-14,CURRENT,1.0,2,24000000.0,12000000.0,DERIVED,SIMULATED
S2-3,S2,Stations,49,2026-12-14,RECOVERY,1.0,2,24000000.0,12000000.0,DERIVED,SIMULATED
S2-3,S2,Stations,50,2026-12-21,BASELINE,2.0,2,24000000.0,24000000.0,DERIVED,SIMULATED
S2-3,S2,Stations,50,2026-12-21,CURRENT,1.0,2,24000000.0,12000000.0,DERIVED,SIMULATED
S2-3,S2,Stations,50,2026-12-21,RECOVERY,1.0,2,24000000.0,12000000.0,DERIVED,SIMULATED
S2-3,S2,Stations,51,2026-12-28,BASELINE,2.0,2,24000000.0,24000000.0,DERIVED,SIMULATED
S2-3,S2,Stations,51,2026-12-28,CURRENT,1.0,2,24000000.0,12000000.0,DERIVED,SIMULATED
S2-3,S2,Stations,51,2026-12-28,RECOVERY,1.0,2,24000000.0,12000000.0,DERIVED,SIMULATED
S2-3,S2,Stations,52,2027-01-04,BASELINE,2.0,2,24000000.0,24000000.0,DERIVED,SIMULATED
S2-3,S2,Stations,52,2027-01-04,CURRENT,1.0,2,24000000.0,12000000.0,DERIVED,SIMULATED
S2-3,S2,Stations,52,2027-01-04,RECOVERY,1.0,2,24000000.0,12000000.0,DERIVED,SIMULATED
S2-3,S2,Stations,53,2027-01-11,BASELINE,2.0,2,24000000.0,24000000.0,DERIVED,SIMULATED
S2-3,S2,Stations,53,2027-01-11,CURRENT,1.0,2,24000000.0,12000000.0,DERIVED,SIMULATED
S2-3,S2,Stations,53,2027-01-11,RECOVERY,1.0,2,24000000.0,12000000.0,DERIVED,SIMULATED
S2-3,S2,Stations,54,2027-01-18,BASELINE,2.0,2,24000000.0,24000000.0,DERIVED,SIMULATED
S2-3,S2,Stations,54,2027-01-18,CURRENT,1.0,2,24000000.0,12000000.0,DERIVED,SIMULATED
S2-3,S2,Stations,54,2027-01-18,RECOVERY,1.0,2,24000000.0,12000000.0,DERIVED,SIMULATED
S2-3,S2,Stations,55,2027-01-25,BASELINE,2.0,2,24000000.0,24000000.0,DERIVED,SIMULATED
S2-3,S2,Stations,55,2027-01-25,CURRENT,1.0,2,24000000.0,12000000.0,DERIVED,SIMULATED
S2-3,S2,Stations,55,2027-01-25,RECOVERY,1.0,2,24000000.0,12000000.0,DERIVED,SIMULATED
S2-3,S2,Stations,56,2027-02-01,BASELINE,2.0,2,24000000.0,24000000.0,DERIVED,SIMULATED
S2-3,S2,Stations,56,2027-02-01,CURRENT,1.0,2,24000000.0,12000000.0,DERIVED,SIMULATED
S2-3,S2,Stations,56,2027-02-01,RECOVERY,1.0,2,24000000.0,12000000.0,DERIVED,SIMULATED
S2-3,S2,Stations,57,2027-02-08,BASELINE,2.0,2,24000000.0,24000000.0,DERIVED,SIMULATED
S2-3,S2,Stations,57,2027-02-08,CURRENT,1.0,2,24000000.0,12000000.0,DERIVED,SIMULATED
S2-3,S2,Stations,57,2027-02-08,RECOVERY,1.0,2,24000000.0,12000000.0,DERIVED,SIMULATED
S2-3,S2,Stations,58,2027-02-15,BASELINE,2.0,2,24000000.0,24000000.0,DERIVED,SIMULATED
S2-3,S2,Stations,58,2027-02-15,CURRENT,1.0,2,24000000.0,12000000.0,DERIVED,SIMULATED
S2-3,S2,Stations,58,2027-02-15,RECOVERY,1.0,2,24000000.0,12000000.0,DERIVED,SIMULATED
S2-3,S2,Stations,59,2027-02-22,BASELINE,2.0,2,24000000.0,24000000.0,DERIVED,SIMULATED
S2-3,S2,Stations,59,2027-02-22,CURRENT,1.0,2,24000000.0,12000000.0,DERIVED,SIMULATED
S2-3,S2,Stations,59,2027-02-22,RECOVERY,1.0,2,24000000.0,12000000.0,DERIVED,SIMULATED
S2-3,S2,Stations,60,2027-03-01,BASELINE,2.0,2,24000000.0,24000000.0,DERIVED,SIMULATED
S2-3,S2,Stations,60,2027-03-01,CURRENT,1.0,2,24000000.0,12000000.0,DERIVED,SIMULATED
S2-3,S2,Stations,60,2027-03-01,RECOVERY,1.0,2,24000000.0,12000000.0,DERIVED,SIMULATED
S2-3,S2,Stations,61,2027-03-08,BASELINE,2.0,2,24000000.0,24000000.0,DERIVED,SIMULATED
S2-3,S2,Stations,61,2027-03-08,CURRENT,1.0,2,24000000.0,12000000.0,DERIVED,SIMULATED
S2-3,S2,Stations,61,2027-03-08,RECOVERY,1.0,2,24000000.0,12000000.0,DERIVED,SIMULATED
S2-3,S2,Stations,62,2027-03-15,BASELINE,2.0,2,24000000.0,24000000.0,DERIVED,SIMULATED
S2-3,S2,Stations,62,2027-03-15,CURRENT,1.0,2,24000000.0,12000000.0,DERIVED,SIMULATED
S2-3,S2,Stations,62,2027-03-15,RECOVERY,1.0,2,24000000.0,12000000.0,DERIVED,SIMULATED
S2-3,S2,Stations,63,2027-03-22,BASELINE,2.0,2,24000000.0,24000000.0,DERIVED,SIMULATED
S2-3,S2,Stations,63,2027-03-22,CURRENT,1.0,2,24000000.0,12000000.0,DERIVED,SIMULATED
S2-3,S2,Stations,63,2027-03-22,RECOVERY,1.0,2,24000000.0,12000000.0,DERIVED,SIMULATED
S2-3,S2,Stations,64,2027-03-29,BASELINE,2.0,2,24000000.0,24000000.0,DERIVED,SIMULATED
S2-3,S2,Stations,64,2027-03-29,CURRENT,1.0,2,24000000.0,12000000.0,DERIVED,SIMULATED
S2-3,S2,Stations,64,2027-03-29,RECOVERY,1.0,2,24000000.0,12000000.0,DERIVED,SIMULATED
S2-3,S2,Stations,65,2027-04-05,BASELINE,2.0,2,24000000.0,24000000.0,DERIVED,SIMULATED
S2-3,S2,Stations,65,2027-04-05,CURRENT,1.0,2,24000000.0,12000000.0,DERIVED,SIMULATED
S2-3,S2,Stations,65,2027-04-05,RECOVERY,1.0,2,24000000.0,12000000.0,DERIVED,SIMULATED
S2-3,S2,Stations,66,2027-04-12,BASELINE,2.0,2,24000000.0,24000000.0,DERIVED,SIMULATED
S2-3,S2,Stations,66,2027-04-12,CURRENT,1.0,2,24000000.0,12000000.0,DERIVED,SIMULATED
S2-3,S2,Stations,66,2027-04-12,RECOVERY,1.0,2,24000000.0,12000000.0,DERIVED,SIMULATED
S2-3,S2,Stations,67,2027-04-19,BASELINE,2.0,2,24000000.0,24000000.0,DERIVED,SIMULATED
S2-3,S2,Stations,67,2027-04-19,CURRENT,1.0,2,24000000.0,12000000.0,DERIVED,SIMULATED
S2-3,S2,Stations,67,2027-04-19,RECOVERY,1.0,2,24000000.0,12000000.0,DERIVED,SIMULATED
S2-3,S2,Stations,68,2027-04-26,BASELINE,2.0,2,24000000.0,24000000.0,DERIVED,SIMULATED
S2-3,S2,Stations,68,2027-04-26,CURRENT,1.0,2,24000000.0,12000000.0,DERIVED,SIMULATED
S2-3,S2,Stations,68,2027-04-26,RECOVERY,1.0,2,24000000.0,12000000.0,DERIVED,SIMULATED
S2-3,S2,Stations,69,2027-05-03,BASELINE,2.0,2,24000000.0,24000000.0,DERIVED,SIMULATED
S2-3,S2,Stations,69,2027-05-03,CURRENT,1.0,2,24000000.0,12000000.0,DERIVED,SIMULATED
S2-3,S2,Stations,69,2027-05-03,RECOVERY,1.0,2,24000000.0,12000000.0,DERIVED,SIMULATED
S2-3,S2,Stations,70,2027-05-10,BASELINE,2.0,2,24000000.0,24000000.0,DERIVED,SIMULATED
S2-3,S2,Stations,70,2027-05-10,CURRENT,1.0,2,24000000.0,12000000.0,DERIVED,SIMULATED
S2-3,S2,Stations,70,2027-05-10,RECOVERY,1.0,2,24000000.0,12000000.0,DERIVED,SIMULATED
S2-3,S2,Stations,71,2027-05-17,BASELINE,2.0,2,24000000.0,24000000.0,DERIVED,SIMULATED
S2-3,S2,Stations,71,2027-05-17,CURRENT,1.0,2,24000000.0,12000000.0,DERIVED,SIMULATED
S2-3,S2,Stations,71,2027-05-17,RECOVERY,1.0,2,24000000.0,12000000.0,DERIVED,SIMULATED
S2-3,S2,Stations,72,2027-05-24,BASELINE,2.0,2,24000000.0,24000000.0,DERIVED,SIMULATED
S2-3,S2,Stations,72,2027-05-24,CURRENT,1.0,2,24000000.0,12000000.0,DERIVED,SIMULATED
S2-3,S2,Stations,72,2027-05-24,RECOVERY,1.0,2,24000000.0,12000000.0,DERIVED,SIMULATED
S2-3,S2,Stations,73,2027-05-31,BASELINE,2.0,2,24000000.0,24000000.0,DERIVED,SIMULATED
S2-3,S2,Stations,73,2027-05-31,CURRENT,1.0,2,24000000.0,12000000.0,DERIVED,SIMULATED
S2-3,S2,Stations,73,2027-05-31,RECOVERY,1.0,2,24000000.0,12000000.0,DERIVED,SIMULATED
S2-3,S2,Stations,74,2027-06-07,BASELINE,2.0,2,24000000.0,24000000.0,DERIVED,SIMULATED
S2-3,S2,Stations,74,2027-06-07,CURRENT,1.0,2,24000000.0,12000000.0,DERIVED,SIMULATED
S2-3,S2,Stations,74,2027-06-07,RECOVERY,1.0,2,24000000.0,12000000.0,DERIVED,SIMULATED
S2-3,S2,Stations,75,2027-06-14,BASELINE,2.0,2,24000000.0,24000000.0,DERIVED,SIMULATED
S2-3,S2,Stations,75,2027-06-14,CURRENT,1.0,2,24000000.0,12000000.0,DERIVED,SIMULATED
S2-3,S2,Stations,75,2027-06-14,RECOVERY,1.0,2,24000000.0,12000000.0,DERIVED,SIMULATED
S2-3,S2,Stations,76,2027-06-21,BASELINE,2.0,2,24000000.0,24000000.0,DERIVED,SIMULATED
S2-3,S2,Stations,76,2027-06-21,CURRENT,1.0,2,24000000.0,12000000.0,DERIVED,SIMULATED
S2-3,S2,Stations,76,2027-06-21,RECOVERY,1.0,2,24000000.0,12000000.0,DERIVED,SIMULATED
S2-3,S2,Stations,77,2027-06-28,BASELINE,2.0,2,24000000.0,24000000.0,DERIVED,SIMULATED
S2-3,S2,Stations,77,2027-06-28,CURRENT,1.0,2,24000000.0,12000000.0,DERIVED,SIMULATED
S2-3,S2,Stations,77,2027-06-28,RECOVERY,1.0,2,24000000.0,12000000.0,DERIVED,SIMULATED
S2-3,S2,Stations,78,2027-07-05,BASELINE,2.0,2,24000000.0,24000000.0,DERIVED,SIMULATED
S2-3,S2,Stations,78,2027-07-05,CURRENT,1.0,2,24000000.0,12000000.0,DERIVED,SIMULATED
S2-3,S2,Stations,78,2027-07-05,RECOVERY,1.0,2,24000000.0,12000000.0,DERIVED,SIMULATED
S2-3,S2,Stations,79,2027-07-12,BASELINE,2.0,2,24000000.0,24000000.0,DERIVED,SIMULATED
S2-3,S2,Stations,79,2027-07-12,CURRENT,1.0,2,24000000.0,12000000.0,DERIVED,SIMULATED
S2-3,S2,Stations,79,2027-07-12,RECOVERY,1.0,2,24000000.0,12000000.0,DERIVED,SIMULATED
S2-3,S2,Stations,80,2027-07-19,BASELINE,2.0,2,24000000.0,24000000.0,DERIVED,SIMULATED
S2-3,S2,Stations,80,2027-07-19,CURRENT,1.0,2,24000000.0,12000000.0,DERIVED,SIMULATED
S2-3,S2,Stations,80,2027-07-19,RECOVERY,1.0,2,24000000.0,12000000.0,DERIVED,SIMULATED
S2-3,S2,Stations,81,2027-07-26,BASELINE,2.0,2,24000000.0,24000000.0,DERIVED,SIMULATED
S2-3,S2,Stations,81,2027-07-26,CURRENT,1.0,2,24000000.0,12000000.0,DERIVED,SIMULATED
S2-3,S2,Stations,81,2027-07-26,RECOVERY,1.0,2,24000000.0,12000000.0,DERIVED,SIMULATED
S2-3,S2,Stations,82,2027-08-02,BASELINE,2.0,2,24000000.0,24000000.0,DERIVED,SIMULATED
S2-3,S2,Stations,82,2027-08-02,CURRENT,1.0,2,24000000.0,12000000.0,DERIVED,SIMULATED
S2-3,S2,Stations,82,2027-08-02,RECOVERY,1.0,2,24000000.0,12000000.0,DERIVED,SIMULATED
S2-4,S2,Signaling,30,2026-08-03,BASELINE,1.6216216216216217,4,8000000.0,3243243.2432432435,DERIVED,SIMULATED
S2-4,S2,Signaling,30,2026-08-03,CURRENT,1.0,4,8000000.0,2000000.0,DERIVED,SIMULATED
S2-4,S2,Signaling,30,2026-08-03,RECOVERY,1.0,4,8000000.0,2000000.0,DERIVED,SIMULATED
S2-4,S2,Signaling,31,2026-08-10,BASELINE,1.7297297297297298,4,8000000.0,3459459.45945946,DERIVED,SIMULATED
S2-4,S2,Signaling,31,2026-08-10,CURRENT,1.0,4,8000000.0,2000000.0,DERIVED,SIMULATED
S2-4,S2,Signaling,31,2026-08-10,RECOVERY,1.0,4,8000000.0,2000000.0,DERIVED,SIMULATED
S2-4,S2,Signaling,32,2026-08-17,BASELINE,1.837837837837838,4,8000000.0,3675675.6756756757,DERIVED,SIMULATED
S2-4,S2,Signaling,32,2026-08-17,CURRENT,1.0,4,8000000.0,2000000.0,DERIVED,SIMULATED
S2-4,S2,Signaling,32,2026-08-17,RECOVERY,1.0,4,8000000.0,2000000.0,DERIVED,SIMULATED
S2-4,S2,Signaling,33,2026-08-24,BASELINE,1.945945945945946,4,8000000.0,3891891.891891892,DERIVED,SIMULATED
S2-4,S2,Signaling,33,2026-08-24,CURRENT,1.0,4,8000000.0,2000000.0,DERIVED,SIMULATED
S2-4,S2,Signaling,33,2026-08-24,RECOVERY,1.0,4,8000000.0,2000000.0,DERIVED,SIMULATED
S2-4,S2,Signaling,34,2026-08-31,BASELINE,2.054054054054054,4,8000000.0,4108108.108108108,DERIVED,SIMULATED
S2-4,S2,Signaling,34,2026-08-31,CURRENT,1.0,4,8000000.0,2000000.0,DERIVED,SIMULATED
S2-4,S2,Signaling,34,2026-08-31,RECOVERY,1.0,4,8000000.0,2000000.0,DERIVED,SIMULATED
S2-4,S2,Signaling,35,2026-09-07,BASELINE,2.1621621621621623,4,8000000.0,4324324.324324325,DERIVED,SIMULATED
S2-4,S2,Signaling,35,2026-09-07,CURRENT,1.0,4,8000000.0,2000000.0,DERIVED,SIMULATED
S2-4,S2,Signaling,35,2026-09-07,RECOVERY,1.0,4,8000000.0,2000000.0,DERIVED,SIMULATED
S2-4,S2,Signaling,36,2026-09-14,BASELINE,2.27027027027027,4,8000000.0,4540540.540540541,DERIVED,SIMULATED
S2-4,S2,Signaling,36,2026-09-14,CURRENT,1.0,4,8000000.0,2000000.0,DERIVED,SIMULATED
S2-4,S2,Signaling,36,2026-09-14,RECOVERY,1.0,4,8000000.0,2000000.0,DERIVED,SIMULATED
S2-4,S2,Signaling,37,2026-09-21,BASELINE,2.3783783783783785,4,8000000.0,4756756.756756757,DERIVED,SIMULATED
S2-4,S2,Signaling,37,2026-09-21,CURRENT,1.0,4,8000000.0,2000000.0,DERIVED,SIMULATED
S2-4,S2,Signaling,37,2026-09-21,RECOVERY,1.0,4,8000000.0,2000000.0,DERIVED,SIMULATED
S2-4,S2,Signaling,38,2026-09-28,BASELINE,2.4864864864864864,4,8000000.0,4972972.972972973,DERIVED,SIMULATED
S2-4,S2,Signaling,38,2026-09-28,CURRENT,1.0,4,8000000.0,2000000.0,DERIVED,SIMULATED
S2-4,S2,Signaling,38,2026-09-28,RECOVERY,1.0,4,8000000.0,2000000.0,DERIVED,SIMULATED
S2-4,S2,Signaling,39,2026-10-05,BASELINE,2.5945945945945947,4,8000000.0,5189189.189189189,DERIVED,SIMULATED
S2-4,S2,Signaling,39,2026-10-05,CURRENT,1.0,4,8000000.0,2000000.0,DERIVED,SIMULATED
S2-4,S2,Signaling,39,2026-10-05,RECOVERY,1.0,4,8000000.0,2000000.0,DERIVED,SIMULATED
S2-4,S2,Signaling,40,2026-10-12,BASELINE,2.7027027027027026,4,8000000.0,5405405.405405405,DERIVED,SIMULATED
S2-4,S2,Signaling,40,2026-10-12,CURRENT,1.0,4,8000000.0,2000000.0,DERIVED,SIMULATED
S2-4,S2,Signaling,40,2026-10-12,RECOVERY,1.0,4,8000000.0,2000000.0,DERIVED,SIMULATED
S2-4,S2,Signaling,41,2026-10-19,BASELINE,2.810810810810811,4,8000000.0,5621621.621621622,DERIVED,SIMULATED
S2-4,S2,Signaling,41,2026-10-19,CURRENT,1.0,4,8000000.0,2000000.0,DERIVED,SIMULATED
S2-4,S2,Signaling,41,2026-10-19,RECOVERY,1.0,4,8000000.0,2000000.0,DERIVED,SIMULATED
S2-4,S2,Signaling,42,2026-10-26,BASELINE,2.918918918918919,4,8000000.0,5837837.837837838,DERIVED,SIMULATED
S2-4,S2,Signaling,42,2026-10-26,CURRENT,1.0,4,8000000.0,2000000.0,DERIVED,SIMULATED
S2-4,S2,Signaling,42,2026-10-26,RECOVERY,1.0,4,8000000.0,2000000.0,DERIVED,SIMULATED
S2-4,S2,Signaling,43,2026-11-02,BASELINE,3.027027027027027,4,8000000.0,6054054.054054054,DERIVED,SIMULATED
S2-4,S2,Signaling,43,2026-11-02,CURRENT,1.0,4,8000000.0,2000000.0,DERIVED,SIMULATED
S2-4,S2,Signaling,43,2026-11-02,RECOVERY,1.0,4,8000000.0,2000000.0,DERIVED,SIMULATED
S2-4,S2,Signaling,44,2026-11-09,BASELINE,3.135135135135135,4,8000000.0,6270270.27027027,DERIVED,SIMULATED
S2-4,S2,Signaling,44,2026-11-09,CURRENT,1.0,4,8000000.0,2000000.0,DERIVED,SIMULATED
S2-4,S2,Signaling,44,2026-11-09,RECOVERY,1.0,4,8000000.0,2000000.0,DERIVED,SIMULATED
S2-4,S2,Signaling,45,2026-11-16,BASELINE,3.2432432432432434,4,8000000.0,6486486.486486487,DERIVED,SIMULATED
S2-4,S2,Signaling,45,2026-11-16,CURRENT,1.0,4,8000000.0,2000000.0,DERIVED,SIMULATED
S2-4,S2,Signaling,45,2026-11-16,RECOVERY,1.0,4,8000000.0,2000000.0,DERIVED,SIMULATED
S2-4,S2,Signaling,46,2026-11-23,BASELINE,3.3513513513513513,4,8000000.0,6702702.702702703,DERIVED,SIMULATED
S2-4,S2,Signaling,46,2026-11-23,CURRENT,1.0,4,8000000.0,2000000.0,DERIVED,SIMULATED
S2-4,S2,Signaling,46,2026-11-23,RECOVERY,1.0,4,8000000.0,2000000.0,DERIVED,SIMULATED
S2-4,S2,Signaling,47,2026-11-30,BASELINE,3.4594594594594597,4,8000000.0,6918918.91891892,DERIVED,SIMULATED
S2-4,S2,Signaling,47,2026-11-30,CURRENT,1.0,4,8000000.0,2000000.0,DERIVED,SIMULATED
S2-4,S2,Signaling,47,2026-11-30,RECOVERY,1.0,4,8000000.0,2000000.0,DERIVED,SIMULATED
S2-4,S2,Signaling,48,2026-12-07,BASELINE,3.5675675675675675,4,8000000.0,7135135.135135135,DERIVED,SIMULATED
S2-4,S2,Signaling,48,2026-12-07,CURRENT,1.0,4,8000000.0,2000000.0,DERIVED,SIMULATED
S2-4,S2,Signaling,48,2026-12-07,RECOVERY,1.0,4,8000000.0,2000000.0,DERIVED,SIMULATED
S2-4,S2,Signaling,49,2026-12-14,BASELINE,3.675675675675676,4,8000000.0,7351351.3513513515,DERIVED,SIMULATED
S2-4,S2,Signaling,49,2026-12-14,CURRENT,1.0,4,8000000.0,2000000.0,DERIVED,SIMULATED
S2-4,S2,Signaling,49,2026-12-14,RECOVERY,1.0,4,8000000.0,2000000.0,DERIVED,SIMULATED
S2-4,S2,Signaling,50,2026-12-21,BASELINE,3.7837837837837838,4,8000000.0,7567567.567567567,DERIVED,SIMULATED
S2-4,S2,Signaling,50,2026-12-21,CURRENT,1.0,4,8000000.0,2000000.0,DERIVED,SIMULATED
S2-4,S2,Signaling,50,2026-12-21,RECOVERY,1.0,4,8000000.0,2000000.0,DERIVED,SIMULATED
S2-4,S2,Signaling,51,2026-12-28,BASELINE,3.891891891891892,4,8000000.0,7783783.783783784,DERIVED,SIMULATED
S2-4,S2,Signaling,51,2026-12-28,CURRENT,1.0,4,8000000.0,2000000.0,DERIVED,SIMULATED
S2-4,S2,Signaling,51,2026-12-28,RECOVERY,1.0,4,8000000.0,2000000.0,DERIVED,SIMULATED
S2-4,S2,Signaling,52,2027-01-04,BASELINE,4.0,4,8000000.0,8000000.0,DERIVED,SIMULATED
S2-4,S2,Signaling,52,2027-01-04,CURRENT,1.0,4,8000000.0,2000000.0,DERIVED,SIMULATED
S2-4,S2,Signaling,52,2027-01-04,RECOVERY,1.0,4,8000000.0,2000000.0,DERIVED,SIMULATED
S2-4,S2,Signaling,53,2027-01-11,BASELINE,4.0,4,8000000.0,8000000.0,DERIVED,SIMULATED
S2-4,S2,Signaling,53,2027-01-11,CURRENT,1.0,4,8000000.0,2000000.0,DERIVED,SIMULATED
S2-4,S2,Signaling,53,2027-01-11,RECOVERY,1.0,4,8000000.0,2000000.0,DERIVED,SIMULATED
S2-4,S2,Signaling,54,2027-01-18,BASELINE,4.0,4,8000000.0,8000000.0,DERIVED,SIMULATED
S2-4,S2,Signaling,54,2027-01-18,CURRENT,1.0,4,8000000.0,2000000.0,DERIVED,SIMULATED
S2-4,S2,Signaling,54,2027-01-18,RECOVERY,1.0,4,8000000.0,2000000.0,DERIVED,SIMULATED
S2-4,S2,Signaling,55,2027-01-25,BASELINE,4.0,4,8000000.0,8000000.0,DERIVED,SIMULATED
S2-4,S2,Signaling,55,2027-01-25,CURRENT,1.0,4,8000000.0,2000000.0,DERIVED,SIMULATED
S2-4,S2,Signaling,55,2027-01-25,RECOVERY,1.0,4,8000000.0,2000000.0,DERIVED,SIMULATED
S2-4,S2,Signaling,56,2027-02-01,BASELINE,4.0,4,8000000.0,8000000.0,DERIVED,SIMULATED
S2-4,S2,Signaling,56,2027-02-01,CURRENT,1.0,4,8000000.0,2000000.0,DERIVED,SIMULATED
S2-4,S2,Signaling,56,2027-02-01,RECOVERY,1.0,4,8000000.0,2000000.0,DERIVED,SIMULATED
S2-4,S2,Signaling,57,2027-02-08,BASELINE,4.0,4,8000000.0,8000000.0,DERIVED,SIMULATED
S2-4,S2,Signaling,57,2027-02-08,CURRENT,1.0,4,8000000.0,2000000.0,DERIVED,SIMULATED
S2-4,S2,Signaling,57,2027-02-08,RECOVERY,1.0,4,8000000.0,2000000.0,DERIVED,SIMULATED
S2-4,S2,Signaling,58,2027-02-15,BASELINE,4.0,4,8000000.0,8000000.0,DERIVED,SIMULATED
S2-4,S2,Signaling,58,2027-02-15,CURRENT,1.0,4,8000000.0,2000000.0,DERIVED,SIMULATED
S2-4,S2,Signaling,58,2027-02-15,RECOVERY,1.0,4,8000000.0,2000000.0,DERIVED,SIMULATED
S2-4,S2,Signaling,59,2027-02-22,BASELINE,4.0,4,8000000.0,8000000.0,DERIVED,SIMULATED
S2-4,S2,Signaling,59,2027-02-22,CURRENT,1.0,4,8000000.0,2000000.0,DERIVED,SIMULATED
S2-4,S2,Signaling,59,2027-02-22,RECOVERY,1.0,4,8000000.0,2000000.0,DERIVED,SIMULATED
S2-4,S2,Signaling,60,2027-03-01,BASELINE,4.0,4,8000000.0,8000000.0,DERIVED,SIMULATED
S2-4,S2,Signaling,60,2027-03-01,CURRENT,1.0,4,8000000.0,2000000.0,DERIVED,SIMULATED
S2-4,S2,Signaling,60,2027-03-01,RECOVERY,1.0,4,8000000.0,2000000.0,DERIVED,SIMULATED
S2-4,S2,Signaling,61,2027-03-08,BASELINE,4.0,4,8000000.0,8000000.0,DERIVED,SIMULATED
S2-4,S2,Signaling,61,2027-03-08,CURRENT,1.0,4,8000000.0,2000000.0,DERIVED,SIMULATED
S2-4,S2,Signaling,61,2027-03-08,RECOVERY,1.0,4,8000000.0,2000000.0,DERIVED,SIMULATED
S2-4,S2,Signaling,62,2027-03-15,BASELINE,4.0,4,8000000.0,8000000.0,DERIVED,SIMULATED
S2-4,S2,Signaling,62,2027-03-15,CURRENT,1.0,4,8000000.0,2000000.0,DERIVED,SIMULATED
S2-4,S2,Signaling,62,2027-03-15,RECOVERY,1.0,4,8000000.0,2000000.0,DERIVED,SIMULATED
S2-4,S2,Signaling,63,2027-03-22,BASELINE,4.0,4,8000000.0,8000000.0,DERIVED,SIMULATED
S2-4,S2,Signaling,63,2027-03-22,CURRENT,1.0,4,8000000.0,2000000.0,DERIVED,SIMULATED
S2-4,S2,Signaling,63,2027-03-22,RECOVERY,1.0,4,8000000.0,2000000.0,DERIVED,SIMULATED
S2-4,S2,Signaling,64,2027-03-29,BASELINE,4.0,4,8000000.0,8000000.0,DERIVED,SIMULATED
S2-4,S2,Signaling,64,2027-03-29,CURRENT,1.0,4,8000000.0,2000000.0,DERIVED,SIMULATED
S2-4,S2,Signaling,64,2027-03-29,RECOVERY,1.0,4,8000000.0,2000000.0,DERIVED,SIMULATED
S2-4,S2,Signaling,65,2027-04-05,BASELINE,4.0,4,8000000.0,8000000.0,DERIVED,SIMULATED
S2-4,S2,Signaling,65,2027-04-05,CURRENT,1.0,4,8000000.0,2000000.0,DERIVED,SIMULATED
S2-4,S2,Signaling,65,2027-04-05,RECOVERY,1.0,4,8000000.0,2000000.0,DERIVED,SIMULATED
S2-4,S2,Signaling,66,2027-04-12,BASELINE,4.0,4,8000000.0,8000000.0,DERIVED,SIMULATED
S2-4,S2,Signaling,66,2027-04-12,CURRENT,1.0,4,8000000.0,2000000.0,DERIVED,SIMULATED
S2-4,S2,Signaling,66,2027-04-12,RECOVERY,1.0,4,8000000.0,2000000.0,DERIVED,SIMULATED
S2-4,S2,Signaling,67,2027-04-19,BASELINE,4.0,4,8000000.0,8000000.0,DERIVED,SIMULATED
S2-4,S2,Signaling,67,2027-04-19,CURRENT,1.0,4,8000000.0,2000000.0,DERIVED,SIMULATED
S2-4,S2,Signaling,67,2027-04-19,RECOVERY,1.0,4,8000000.0,2000000.0,DERIVED,SIMULATED
S2-4,S2,Signaling,68,2027-04-26,BASELINE,4.0,4,8000000.0,8000000.0,DERIVED,SIMULATED
S2-4,S2,Signaling,68,2027-04-26,CURRENT,1.0,4,8000000.0,2000000.0,DERIVED,SIMULATED
S2-4,S2,Signaling,68,2027-04-26,RECOVERY,1.0,4,8000000.0,2000000.0,DERIVED,SIMULATED
S2-4,S2,Signaling,69,2027-05-03,BASELINE,4.0,4,8000000.0,8000000.0,DERIVED,SIMULATED
S2-4,S2,Signaling,69,2027-05-03,CURRENT,1.0,4,8000000.0,2000000.0,DERIVED,SIMULATED
S2-4,S2,Signaling,69,2027-05-03,RECOVERY,1.0,4,8000000.0,2000000.0,DERIVED,SIMULATED
S2-4,S2,Signaling,70,2027-05-10,BASELINE,4.0,4,8000000.0,8000000.0,DERIVED,SIMULATED
S2-4,S2,Signaling,70,2027-05-10,CURRENT,1.0,4,8000000.0,2000000.0,DERIVED,SIMULATED
S2-4,S2,Signaling,70,2027-05-10,RECOVERY,1.0,4,8000000.0,2000000.0,DERIVED,SIMULATED
S2-4,S2,Signaling,71,2027-05-17,BASELINE,4.0,4,8000000.0,8000000.0,DERIVED,SIMULATED
S2-4,S2,Signaling,71,2027-05-17,CURRENT,1.0,4,8000000.0,2000000.0,DERIVED,SIMULATED
S2-4,S2,Signaling,71,2027-05-17,RECOVERY,1.0,4,8000000.0,2000000.0,DERIVED,SIMULATED
S2-4,S2,Signaling,72,2027-05-24,BASELINE,4.0,4,8000000.0,8000000.0,DERIVED,SIMULATED
S2-4,S2,Signaling,72,2027-05-24,CURRENT,1.0,4,8000000.0,2000000.0,DERIVED,SIMULATED
S2-4,S2,Signaling,72,2027-05-24,RECOVERY,1.0,4,8000000.0,2000000.0,DERIVED,SIMULATED
S2-4,S2,Signaling,73,2027-05-31,BASELINE,4.0,4,8000000.0,8000000.0,DERIVED,SIMULATED
S2-4,S2,Signaling,73,2027-05-31,CURRENT,1.0,4,8000000.0,2000000.0,DERIVED,SIMULATED
S2-4,S2,Signaling,73,2027-05-31,RECOVERY,1.0,4,8000000.0,2000000.0,DERIVED,SIMULATED
S2-4,S2,Signaling,74,2027-06-07,BASELINE,4.0,4,8000000.0,8000000.0,DERIVED,SIMULATED
S2-4,S2,Signaling,74,2027-06-07,CURRENT,1.0,4,8000000.0,2000000.0,DERIVED,SIMULATED
S2-4,S2,Signaling,74,2027-06-07,RECOVERY,1.0,4,8000000.0,2000000.0,DERIVED,SIMULATED
S2-4,S2,Signaling,75,2027-06-14,BASELINE,4.0,4,8000000.0,8000000.0,DERIVED,SIMULATED
S2-4,S2,Signaling,75,2027-06-14,CURRENT,1.0,4,8000000.0,2000000.0,DERIVED,SIMULATED
S2-4,S2,Signaling,75,2027-06-14,RECOVERY,1.0,4,8000000.0,2000000.0,DERIVED,SIMULATED
S2-4,S2,Signaling,76,2027-06-21,BASELINE,4.0,4,8000000.0,8000000.0,DERIVED,SIMULATED
S2-4,S2,Signaling,76,2027-06-21,CURRENT,1.0,4,8000000.0,2000000.0,DERIVED,SIMULATED
S2-4,S2,Signaling,76,2027-06-21,RECOVERY,1.0,4,8000000.0,2000000.0,DERIVED,SIMULATED
S2-4,S2,Signaling,77,2027-06-28,BASELINE,4.0,4,8000000.0,8000000.0,DERIVED,SIMULATED
S2-4,S2,Signaling,77,2027-06-28,CURRENT,1.0,4,8000000.0,2000000.0,DERIVED,SIMULATED
S2-4,S2,Signaling,77,2027-06-28,RECOVERY,1.0,4,8000000.0,2000000.0,DERIVED,SIMULATED
S2-4,S2,Signaling,78,2027-07-05,BASELINE,4.0,4,8000000.0,8000000.0,DERIVED,SIMULATED
S2-4,S2,Signaling,78,2027-07-05,CURRENT,1.0,4,8000000.0,2000000.0,DERIVED,SIMULATED
S2-4,S2,Signaling,78,2027-07-05,RECOVERY,1.0,4,8000000.0,2000000.0,DERIVED,SIMULATED
S2-4,S2,Signaling,79,2027-07-12,BASELINE,4.0,4,8000000.0,8000000.0,DERIVED,SIMULATED
S2-4,S2,Signaling,79,2027-07-12,CURRENT,1.0,4,8000000.0,2000000.0,DERIVED,SIMULATED
S2-4,S2,Signaling,79,2027-07-12,RECOVERY,1.0,4,8000000.0,2000000.0,DERIVED,SIMULATED
S2-4,S2,Signaling,80,2027-07-19,BASELINE,4.0,4,8000000.0,8000000.0,DERIVED,SIMULATED
S2-4,S2,Signaling,80,2027-07-19,CURRENT,1.0,4,8000000.0,2000000.0,DERIVED,SIMULATED
S2-4,S2,Signaling,80,2027-07-19,RECOVERY,1.0,4,8000000.0,2000000.0,DERIVED,SIMULATED
S2-4,S2,Signaling,81,2027-07-26,BASELINE,4.0,4,8000000.0,8000000.0,DERIVED,SIMULATED
S2-4,S2,Signaling,81,2027-07-26,CURRENT,1.0,4,8000000.0,2000000.0,DERIVED,SIMULATED
S2-4,S2,Signaling,81,2027-07-26,RECOVERY,1.0,4,8000000.0,2000000.0,DERIVED,SIMULATED
S2-4,S2,Signaling,82,2027-08-02,BASELINE,4.0,4,8000000.0,8000000.0,DERIVED,SIMULATED
S2-4,S2,Signaling,82,2027-08-02,CURRENT,1.0,4,8000000.0,2000000.0,DERIVED,SIMULATED
S2-4,S2,Signaling,82,2027-08-02,RECOVERY,1.0,4,8000000.0,2000000.0,DERIVED,SIMULATED
S3-1,S3,Track,30,2026-08-03,BASELINE,15.0,20,32000000.0,24000000.0,DERIVED,SIMULATED
S3-1,S3,Track,30,2026-08-03,CURRENT,11.036730698800621,20,32000000.0,17658769.118080996,DERIVED,SIMULATED
S3-1,S3,Track,30,2026-08-03,RECOVERY,11.036730698800621,20,32000000.0,17658769.118080996,DERIVED,SIMULATED
S3-1,S3,Track,31,2026-08-10,BASELINE,15.5,20,32000000.0,24800000.0,DERIVED,SIMULATED
S3-1,S3,Track,31,2026-08-10,CURRENT,11.387891651352511,20,32000000.0,18220626.642164018,DERIVED,SIMULATED
S3-1,S3,Track,31,2026-08-10,RECOVERY,11.475681889490485,20,32000000.0,18361091.023184776,DERIVED,SIMULATED
S3-1,S3,Track,32,2026-08-17,BASELINE,16.0,20,32000000.0,25600000.0,DERIVED,SIMULATED
S3-1,S3,Track,32,2026-08-17,CURRENT,11.739052603904401,20,32000000.0,18782484.166247044,DERIVED,SIMULATED
S3-1,S3,Track,32,2026-08-17,RECOVERY,11.914633080180346,20,32000000.0,19063412.928288557,DERIVED,SIMULATED
S3-1,S3,Track,33,2026-08-24,BASELINE,16.5,20,32000000.0,26400000.0,DERIVED,SIMULATED
S3-1,S3,Track,33,2026-08-24,CURRENT,12.090213556456291,20,32000000.0,19344341.690330066,DERIVED,SIMULATED
S3-1,S3,Track,33,2026-08-24,RECOVERY,12.353584270870208,20,32000000.0,19765734.83339233,DERIVED,SIMULATED
S3-1,S3,Track,34,2026-08-31,BASELINE,17.0,20,32000000.0,27200000.0,DERIVED,SIMULATED
S3-1,S3,Track,34,2026-08-31,CURRENT,12.441374509008181,20,32000000.0,19906199.214413088,DERIVED,SIMULATED
S3-1,S3,Track,34,2026-08-31,RECOVERY,12.792535461560071,20,32000000.0,20468056.738496114,DERIVED,SIMULATED
S3-1,S3,Track,35,2026-09-07,BASELINE,17.5,20,32000000.0,28000000.0,DERIVED,SIMULATED
S3-1,S3,Track,35,2026-09-07,CURRENT,12.792535461560071,20,32000000.0,20468056.738496114,DERIVED,SIMULATED
S3-1,S3,Track,35,2026-09-07,RECOVERY,13.231486652249934,20,32000000.0,21170378.643599894,DERIVED,SIMULATED
S3-1,S3,Track,36,2026-09-14,BASELINE,18.0,20,32000000.0,28800000.0,DERIVED,SIMULATED
S3-1,S3,Track,36,2026-09-14,CURRENT,13.143696414111961,20,32000000.0,21029914.262579136,DERIVED,SIMULATED
S3-1,S3,Track,36,2026-09-14,RECOVERY,13.670437842939796,20,32000000.0,21872700.548703674,DERIVED,SIMULATED
S3-1,S3,Track,37,2026-09-21,BASELINE,18.5,20,32000000.0,29600000.0,DERIVED,SIMULATED
S3-1,S3,Track,37,2026-09-21,CURRENT,13.494857366663851,20,32000000.0,21591771.78666216,DERIVED,SIMULATED
S3-1,S3,Track,37,2026-09-21,RECOVERY,14.109389033629657,20,32000000.0,22575022.45380745,DERIVED,SIMULATED
S3-1,S3,Track,38,2026-09-28,BASELINE,19.0,20,32000000.0,30400000.0,DERIVED,SIMULATED
S3-1,S3,Track,38,2026-09-28,CURRENT,13.846018319215741,20,32000000.0,22153629.310745187,DERIVED,SIMULATED
S3-1,S3,Track,38,2026-09-28,RECOVERY,14.54834022431952,20,32000000.0,23277344.358911235,DERIVED,SIMULATED
S3-1,S3,Track,39,2026-10-05,BASELINE,19.5,20,32000000.0,31200000.0,DERIVED,SIMULATED
S3-1,S3,Track,39,2026-10-05,CURRENT,14.19717927176763,20,32000000.0,22715486.83482821,DERIVED,SIMULATED
S3-1,S3,Track,39,2026-10-05,RECOVERY,14.987291415009384,20,32000000.0,23979666.264015015,DERIVED,SIMULATED
S3-1,S3,Track,40,2026-10-12,BASELINE,20.0,20,32000000.0,32000000.0,DERIVED,SIMULATED
S3-1,S3,Track,40,2026-10-12,CURRENT,14.54834022431952,20,32000000.0,23277344.358911235,DERIVED,SIMULATED
S3-1,S3,Track,40,2026-10-12,RECOVERY,15.426242605699246,20,32000000.0,24681988.16911879,DERIVED,SIMULATED
S3-1,S3,Track,41,2026-10-19,BASELINE,20.0,20,32000000.0,32000000.0,DERIVED,SIMULATED
S3-1,S3,Track,41,2026-10-19,CURRENT,14.89950117687141,20,32000000.0,23839201.882994257,DERIVED,SIMULATED
S3-1,S3,Track,41,2026-10-19,RECOVERY,15.865193796389107,20,32000000.0,25384310.074222572,DERIVED,SIMULATED
S3-1,S3,Track,42,2026-10-26,BASELINE,20.0,20,32000000.0,32000000.0,DERIVED,SIMULATED
S3-1,S3,Track,42,2026-10-26,CURRENT,15.2506621294233,20,32000000.0,24401059.40707728,DERIVED,SIMULATED
S3-1,S3,Track,42,2026-10-26,RECOVERY,16.30414498707897,20,32000000.0,26086631.979326352,DERIVED,SIMULATED
S3-1,S3,Track,43,2026-11-02,BASELINE,20.0,20,32000000.0,32000000.0,DERIVED,SIMULATED
S3-1,S3,Track,43,2026-11-02,CURRENT,15.60182308197519,20,32000000.0,24962916.931160305,DERIVED,SIMULATED
S3-1,S3,Track,43,2026-11-02,RECOVERY,16.743096177768834,20,32000000.0,26788953.884430133,DERIVED,SIMULATED
S3-1,S3,Track,44,2026-11-09,BASELINE,20.0,20,32000000.0,32000000.0,DERIVED,SIMULATED
S3-1,S3,Track,44,2026-11-09,CURRENT,15.95298403452708,20,32000000.0,25524774.455243327,DERIVED,SIMULATED
S3-1,S3,Track,44,2026-11-09,RECOVERY,17.182047368458697,20,32000000.0,27491275.789533913,DERIVED,SIMULATED
S3-1,S3,Track,45,2026-11-16,BASELINE,20.0,20,32000000.0,32000000.0,DERIVED,SIMULATED
S3-1,S3,Track,45,2026-11-16,CURRENT,16.30414498707897,20,32000000.0,26086631.979326352,DERIVED,SIMULATED
S3-1,S3,Track,45,2026-11-16,RECOVERY,17.620998559148557,20,32000000.0,28193597.694637693,DERIVED,SIMULATED
S3-1,S3,Track,46,2026-11-23,BASELINE,20.0,20,32000000.0,32000000.0,DERIVED,SIMULATED
S3-1,S3,Track,46,2026-11-23,CURRENT,16.65530593963086,20,32000000.0,26648489.50340938,DERIVED,SIMULATED
S3-1,S3,Track,46,2026-11-23,RECOVERY,18.05994974983842,20,32000000.0,28895919.59974147,DERIVED,SIMULATED
S3-1,S3,Track,47,2026-11-30,BASELINE,20.0,20,32000000.0,32000000.0,DERIVED,SIMULATED
S3-1,S3,Track,47,2026-11-30,CURRENT,17.00646689218275,20,32000000.0,27210347.027492397,DERIVED,SIMULATED
S3-1,S3,Track,47,2026-11-30,RECOVERY,18.498900940528284,20,32000000.0,29598241.504845254,DERIVED,SIMULATED
S3-1,S3,Track,48,2026-12-07,BASELINE,20.0,20,32000000.0,32000000.0,DERIVED,SIMULATED
S3-1,S3,Track,48,2026-12-07,CURRENT,17.35762784473464,20,32000000.0,27772204.551575422,DERIVED,SIMULATED
S3-1,S3,Track,48,2026-12-07,RECOVERY,18.937852131218143,20,32000000.0,30300563.409949027,DERIVED,SIMULATED
S3-1,S3,Track,49,2026-12-14,BASELINE,20.0,20,32000000.0,32000000.0,DERIVED,SIMULATED
S3-1,S3,Track,49,2026-12-14,CURRENT,17.70878879728653,20,32000000.0,28334062.075658448,DERIVED,SIMULATED
S3-1,S3,Track,49,2026-12-14,RECOVERY,19.376803321908007,20,32000000.0,31002885.315052815,DERIVED,SIMULATED
S3-1,S3,Track,50,2026-12-21,BASELINE,20.0,20,32000000.0,32000000.0,DERIVED,SIMULATED
S3-1,S3,Track,50,2026-12-21,CURRENT,18.05994974983842,20,32000000.0,28895919.59974147,DERIVED,SIMULATED
S3-1,S3,Track,50,2026-12-21,RECOVERY,19.81575451259787,20,32000000.0,31705207.22015659,DERIVED,SIMULATED
S3-1,S3,Track,51,2026-12-28,BASELINE,20.0,20,32000000.0,32000000.0,DERIVED,SIMULATED
S3-1,S3,Track,51,2026-12-28,CURRENT,18.41111070239031,20,32000000.0,29457777.123824496,DERIVED,SIMULATED
S3-1,S3,Track,51,2026-12-28,RECOVERY,20.0,20,32000000.0,32000000.0,DERIVED,SIMULATED
S3-1,S3,Track,52,2027-01-04,BASELINE,20.0,20,32000000.0,32000000.0,DERIVED,SIMULATED
S3-1,S3,Track,52,2027-01-04,CURRENT,18.7622716549422,20,32000000.0,30019634.647907518,DERIVED,SIMULATED
S3-1,S3,Track,52,2027-01-04,RECOVERY,20.0,20,32000000.0,32000000.0,DERIVED,SIMULATED
S3-1,S3,Track,53,2027-01-11,BASELINE,20.0,20,32000000.0,32000000.0,DERIVED,SIMULATED
S3-1,S3,Track,53,2027-01-11,CURRENT,19.11343260749409,20,32000000.0,30581492.171990544,DERIVED,SIMULATED
S3-1,S3,Track,53,2027-01-11,RECOVERY,20.0,20,32000000.0,32000000.0,DERIVED,SIMULATED
S3-1,S3,Track,54,2027-01-18,BASELINE,20.0,20,32000000.0,32000000.0,DERIVED,SIMULATED
S3-1,S3,Track,54,2027-01-18,CURRENT,19.46459356004598,20,32000000.0,31143349.69607357,DERIVED,SIMULATED
S3-1,S3,Track,54,2027-01-18,RECOVERY,20.0,20,32000000.0,32000000.0,DERIVED,SIMULATED
S3-1,S3,Track,55,2027-01-25,BASELINE,20.0,20,32000000.0,32000000.0,DERIVED,SIMULATED
S3-1,S3,Track,55,2027-01-25,CURRENT,19.81575451259787,20,32000000.0,31705207.22015659,DERIVED,SIMULATED
S3-1,S3,Track,55,2027-01-25,RECOVERY,20.0,20,32000000.0,32000000.0,DERIVED,SIMULATED
S3-1,S3,Track,56,2027-02-01,BASELINE,20.0,20,32000000.0,32000000.0,DERIVED,SIMULATED
S3-1,S3,Track,56,2027-02-01,CURRENT,20.0,20,32000000.0,32000000.0,DERIVED,SIMULATED
S3-1,S3,Track,56,2027-02-01,RECOVERY,20.0,20,32000000.0,32000000.0,DERIVED,SIMULATED
S3-1,S3,Track,57,2027-02-08,BASELINE,20.0,20,32000000.0,32000000.0,DERIVED,SIMULATED
S3-1,S3,Track,57,2027-02-08,CURRENT,20.0,20,32000000.0,32000000.0,DERIVED,SIMULATED
S3-1,S3,Track,57,2027-02-08,RECOVERY,20.0,20,32000000.0,32000000.0,DERIVED,SIMULATED
S3-1,S3,Track,58,2027-02-15,BASELINE,20.0,20,32000000.0,32000000.0,DERIVED,SIMULATED
S3-1,S3,Track,58,2027-02-15,CURRENT,20.0,20,32000000.0,32000000.0,DERIVED,SIMULATED
S3-1,S3,Track,58,2027-02-15,RECOVERY,20.0,20,32000000.0,32000000.0,DERIVED,SIMULATED
S3-1,S3,Track,59,2027-02-22,BASELINE,20.0,20,32000000.0,32000000.0,DERIVED,SIMULATED
S3-1,S3,Track,59,2027-02-22,CURRENT,20.0,20,32000000.0,32000000.0,DERIVED,SIMULATED
S3-1,S3,Track,59,2027-02-22,RECOVERY,20.0,20,32000000.0,32000000.0,DERIVED,SIMULATED
S3-1,S3,Track,60,2027-03-01,BASELINE,20.0,20,32000000.0,32000000.0,DERIVED,SIMULATED
S3-1,S3,Track,60,2027-03-01,CURRENT,20.0,20,32000000.0,32000000.0,DERIVED,SIMULATED
S3-1,S3,Track,60,2027-03-01,RECOVERY,20.0,20,32000000.0,32000000.0,DERIVED,SIMULATED
S3-1,S3,Track,61,2027-03-08,BASELINE,20.0,20,32000000.0,32000000.0,DERIVED,SIMULATED
S3-1,S3,Track,61,2027-03-08,CURRENT,20.0,20,32000000.0,32000000.0,DERIVED,SIMULATED
S3-1,S3,Track,61,2027-03-08,RECOVERY,20.0,20,32000000.0,32000000.0,DERIVED,SIMULATED
S3-1,S3,Track,62,2027-03-15,BASELINE,20.0,20,32000000.0,32000000.0,DERIVED,SIMULATED
S3-1,S3,Track,62,2027-03-15,CURRENT,20.0,20,32000000.0,32000000.0,DERIVED,SIMULATED
S3-1,S3,Track,62,2027-03-15,RECOVERY,20.0,20,32000000.0,32000000.0,DERIVED,SIMULATED
S3-1,S3,Track,63,2027-03-22,BASELINE,20.0,20,32000000.0,32000000.0,DERIVED,SIMULATED
S3-1,S3,Track,63,2027-03-22,CURRENT,20.0,20,32000000.0,32000000.0,DERIVED,SIMULATED
S3-1,S3,Track,63,2027-03-22,RECOVERY,20.0,20,32000000.0,32000000.0,DERIVED,SIMULATED
S3-1,S3,Track,64,2027-03-29,BASELINE,20.0,20,32000000.0,32000000.0,DERIVED,SIMULATED
S3-1,S3,Track,64,2027-03-29,CURRENT,20.0,20,32000000.0,32000000.0,DERIVED,SIMULATED
S3-1,S3,Track,64,2027-03-29,RECOVERY,20.0,20,32000000.0,32000000.0,DERIVED,SIMULATED
S3-1,S3,Track,65,2027-04-05,BASELINE,20.0,20,32000000.0,32000000.0,DERIVED,SIMULATED
S3-1,S3,Track,65,2027-04-05,CURRENT,20.0,20,32000000.0,32000000.0,DERIVED,SIMULATED
S3-1,S3,Track,65,2027-04-05,RECOVERY,20.0,20,32000000.0,32000000.0,DERIVED,SIMULATED
S3-1,S3,Track,66,2027-04-12,BASELINE,20.0,20,32000000.0,32000000.0,DERIVED,SIMULATED
S3-1,S3,Track,66,2027-04-12,CURRENT,20.0,20,32000000.0,32000000.0,DERIVED,SIMULATED
S3-1,S3,Track,66,2027-04-12,RECOVERY,20.0,20,32000000.0,32000000.0,DERIVED,SIMULATED
S3-1,S3,Track,67,2027-04-19,BASELINE,20.0,20,32000000.0,32000000.0,DERIVED,SIMULATED
S3-1,S3,Track,67,2027-04-19,CURRENT,20.0,20,32000000.0,32000000.0,DERIVED,SIMULATED
S3-1,S3,Track,67,2027-04-19,RECOVERY,20.0,20,32000000.0,32000000.0,DERIVED,SIMULATED
S3-1,S3,Track,68,2027-04-26,BASELINE,20.0,20,32000000.0,32000000.0,DERIVED,SIMULATED
S3-1,S3,Track,68,2027-04-26,CURRENT,20.0,20,32000000.0,32000000.0,DERIVED,SIMULATED
S3-1,S3,Track,68,2027-04-26,RECOVERY,20.0,20,32000000.0,32000000.0,DERIVED,SIMULATED
S3-1,S3,Track,69,2027-05-03,BASELINE,20.0,20,32000000.0,32000000.0,DERIVED,SIMULATED
S3-1,S3,Track,69,2027-05-03,CURRENT,20.0,20,32000000.0,32000000.0,DERIVED,SIMULATED
S3-1,S3,Track,69,2027-05-03,RECOVERY,20.0,20,32000000.0,32000000.0,DERIVED,SIMULATED
S3-1,S3,Track,70,2027-05-10,BASELINE,20.0,20,32000000.0,32000000.0,DERIVED,SIMULATED
S3-1,S3,Track,70,2027-05-10,CURRENT,20.0,20,32000000.0,32000000.0,DERIVED,SIMULATED
S3-1,S3,Track,70,2027-05-10,RECOVERY,20.0,20,32000000.0,32000000.0,DERIVED,SIMULATED
S3-1,S3,Track,71,2027-05-17,BASELINE,20.0,20,32000000.0,32000000.0,DERIVED,SIMULATED
S3-1,S3,Track,71,2027-05-17,CURRENT,20.0,20,32000000.0,32000000.0,DERIVED,SIMULATED
S3-1,S3,Track,71,2027-05-17,RECOVERY,20.0,20,32000000.0,32000000.0,DERIVED,SIMULATED
S3-1,S3,Track,72,2027-05-24,BASELINE,20.0,20,32000000.0,32000000.0,DERIVED,SIMULATED
S3-1,S3,Track,72,2027-05-24,CURRENT,20.0,20,32000000.0,32000000.0,DERIVED,SIMULATED
S3-1,S3,Track,72,2027-05-24,RECOVERY,20.0,20,32000000.0,32000000.0,DERIVED,SIMULATED
S3-1,S3,Track,73,2027-05-31,BASELINE,20.0,20,32000000.0,32000000.0,DERIVED,SIMULATED
S3-1,S3,Track,73,2027-05-31,CURRENT,20.0,20,32000000.0,32000000.0,DERIVED,SIMULATED
S3-1,S3,Track,73,2027-05-31,RECOVERY,20.0,20,32000000.0,32000000.0,DERIVED,SIMULATED
S3-1,S3,Track,74,2027-06-07,BASELINE,20.0,20,32000000.0,32000000.0,DERIVED,SIMULATED
S3-1,S3,Track,74,2027-06-07,CURRENT,20.0,20,32000000.0,32000000.0,DERIVED,SIMULATED
S3-1,S3,Track,74,2027-06-07,RECOVERY,20.0,20,32000000.0,32000000.0,DERIVED,SIMULATED
S3-1,S3,Track,75,2027-06-14,BASELINE,20.0,20,32000000.0,32000000.0,DERIVED,SIMULATED
S3-1,S3,Track,75,2027-06-14,CURRENT,20.0,20,32000000.0,32000000.0,DERIVED,SIMULATED
S3-1,S3,Track,75,2027-06-14,RECOVERY,20.0,20,32000000.0,32000000.0,DERIVED,SIMULATED
S3-1,S3,Track,76,2027-06-21,BASELINE,20.0,20,32000000.0,32000000.0,DERIVED,SIMULATED
S3-1,S3,Track,76,2027-06-21,CURRENT,20.0,20,32000000.0,32000000.0,DERIVED,SIMULATED
S3-1,S3,Track,76,2027-06-21,RECOVERY,20.0,20,32000000.0,32000000.0,DERIVED,SIMULATED
S3-1,S3,Track,77,2027-06-28,BASELINE,20.0,20,32000000.0,32000000.0,DERIVED,SIMULATED
S3-1,S3,Track,77,2027-06-28,CURRENT,20.0,20,32000000.0,32000000.0,DERIVED,SIMULATED
S3-1,S3,Track,77,2027-06-28,RECOVERY,20.0,20,32000000.0,32000000.0,DERIVED,SIMULATED
S3-1,S3,Track,78,2027-07-05,BASELINE,20.0,20,32000000.0,32000000.0,DERIVED,SIMULATED
S3-1,S3,Track,78,2027-07-05,CURRENT,20.0,20,32000000.0,32000000.0,DERIVED,SIMULATED
S3-1,S3,Track,78,2027-07-05,RECOVERY,20.0,20,32000000.0,32000000.0,DERIVED,SIMULATED
S3-1,S3,Track,79,2027-07-12,BASELINE,20.0,20,32000000.0,32000000.0,DERIVED,SIMULATED
S3-1,S3,Track,79,2027-07-12,CURRENT,20.0,20,32000000.0,32000000.0,DERIVED,SIMULATED
S3-1,S3,Track,79,2027-07-12,RECOVERY,20.0,20,32000000.0,32000000.0,DERIVED,SIMULATED
S3-1,S3,Track,80,2027-07-19,BASELINE,20.0,20,32000000.0,32000000.0,DERIVED,SIMULATED
S3-1,S3,Track,80,2027-07-19,CURRENT,20.0,20,32000000.0,32000000.0,DERIVED,SIMULATED
S3-1,S3,Track,80,2027-07-19,RECOVERY,20.0,20,32000000.0,32000000.0,DERIVED,SIMULATED
S3-1,S3,Track,81,2027-07-26,BASELINE,20.0,20,32000000.0,32000000.0,DERIVED,SIMULATED
S3-1,S3,Track,81,2027-07-26,CURRENT,20.0,20,32000000.0,32000000.0,DERIVED,SIMULATED
S3-1,S3,Track,81,2027-07-26,RECOVERY,20.0,20,32000000.0,32000000.0,DERIVED,SIMULATED
S3-1,S3,Track,82,2027-08-02,BASELINE,20.0,20,32000000.0,32000000.0,DERIVED,SIMULATED
S3-1,S3,Track,82,2027-08-02,CURRENT,20.0,20,32000000.0,32000000.0,DERIVED,SIMULATED
S3-1,S3,Track,82,2027-08-02,RECOVERY,20.0,20,32000000.0,32000000.0,DERIVED,SIMULATED
S3-2,S3,Electrification,30,2026-08-03,BASELINE,11.282051282051281,20,22000000.0,12410256.41025641,DERIVED,SIMULATED
S3-2,S3,Electrification,30,2026-08-03,CURRENT,8.033078731963638,20,22000000.0,8836386.605160002,DERIVED,SIMULATED
S3-2,S3,Electrification,30,2026-08-03,RECOVERY,8.033078731963638,20,22000000.0,8836386.605160002,DERIVED,SIMULATED
S3-2,S3,Electrification,31,2026-08-10,BASELINE,11.794871794871796,20,22000000.0,12974358.974358976,DERIVED,SIMULATED
S3-2,S3,Electrification,31,2026-08-10,CURRENT,8.39429814928803,20,22000000.0,9233727.964216832,DERIVED,SIMULATED
S3-2,S3,Electrification,31,2026-08-10,RECOVERY,8.484603003619128,20,22000000.0,9333063.30398104,DERIVED,SIMULATED
S3-2,S3,Electrification,32,2026-08-17,BASELINE,12.307692307692308,20,22000000.0,13538461.53846154,DERIVED,SIMULATED
S3-2,S3,Electrification,32,2026-08-17,CURRENT,8.755517566612424,20,22000000.0,9631069.323273666,DERIVED,SIMULATED
S3-2,S3,Electrification,32,2026-08-17,RECOVERY,8.93612727527462,20,22000000.0,9829740.002802081,DERIVED,SIMULATED
S3-2,S3,Electrification,33,2026-08-24,BASELINE,12.820512820512821,20,22000000.0,14102564.102564102,DERIVED,SIMULATED
S3-2,S3,Electrification,33,2026-08-24,CURRENT,9.116736983936816,20,22000000.0,10028410.682330498,DERIVED,SIMULATED
S3-2,S3,Electrification,33,2026-08-24,RECOVERY,9.38765154693011,20,22000000.0,10326416.701623121,DERIVED,SIMULATED
S3-2,S3,Electrification,34,2026-08-31,BASELINE,13.333333333333332,20,22000000.0,14666666.666666666,DERIVED,SIMULATED
S3-2,S3,Electrification,34,2026-08-31,CURRENT,9.47795640126121,20,22000000.0,10425752.04138733,DERIVED,SIMULATED
S3-2,S3,Electrification,34,2026-08-31,RECOVERY,9.839175818585602,20,22000000.0,10823093.400444161,DERIVED,SIMULATED
S3-2,S3,Electrification,35,2026-09-07,BASELINE,13.846153846153847,20,22000000.0,15230769.230769232,DERIVED,SIMULATED
S3-2,S3,Electrification,35,2026-09-07,CURRENT,9.839175818585602,20,22000000.0,10823093.400444161,DERIVED,SIMULATED
S3-2,S3,Electrification,35,2026-09-07,RECOVERY,10.290700090241092,20,22000000.0,11319770.099265201,DERIVED,SIMULATED
S3-2,S3,Electrification,36,2026-09-14,BASELINE,14.35897435897436,20,22000000.0,15794871.794871796,DERIVED,SIMULATED
S3-2,S3,Electrification,36,2026-09-14,CURRENT,10.200395235909994,20,22000000.0,11220434.759500993,DERIVED,SIMULATED
S3-2,S3,Electrification,36,2026-09-14,RECOVERY,10.742224361896584,20,22000000.0,11816446.798086243,DERIVED,SIMULATED
S3-2,S3,Electrification,37,2026-09-21,BASELINE,14.871794871794872,20,22000000.0,16358974.358974358,DERIVED,SIMULATED
S3-2,S3,Electrification,37,2026-09-21,CURRENT,10.561614653234386,20,22000000.0,11617776.118557824,DERIVED,SIMULATED
S3-2,S3,Electrification,37,2026-09-21,RECOVERY,11.193748633552074,20,22000000.0,12313123.496907283,DERIVED,SIMULATED
S3-2,S3,Electrification,38,2026-09-28,BASELINE,15.384615384615385,20,22000000.0,16923076.923076924,DERIVED,SIMULATED
S3-2,S3,Electrification,38,2026-09-28,CURRENT,10.92283407055878,20,22000000.0,12015117.477614658,DERIVED,SIMULATED
S3-2,S3,Electrification,38,2026-09-28,RECOVERY,11.645272905207566,20,22000000.0,12809800.195728322,DERIVED,SIMULATED
S3-2,S3,Electrification,39,2026-10-05,BASELINE,15.897435897435896,20,22000000.0,17487179.487179484,DERIVED,SIMULATED
S3-2,S3,Electrification,39,2026-10-05,CURRENT,11.284053487883174,20,22000000.0,12412458.83667149,DERIVED,SIMULATED
S3-2,S3,Electrification,39,2026-10-05,RECOVERY,12.096797176863056,20,22000000.0,13306476.894549362,DERIVED,SIMULATED
S3-2,S3,Electrification,40,2026-10-12,BASELINE,16.41025641025641,20,22000000.0,18051282.05128205,DERIVED,SIMULATED
S3-2,S3,Electrification,40,2026-10-12,CURRENT,11.645272905207566,20,22000000.0,12809800.195728322,DERIVED,SIMULATED
S3-2,S3,Electrification,40,2026-10-12,RECOVERY,12.548321448518546,20,22000000.0,13803153.593370402,DERIVED,SIMULATED
S3-2,S3,Electrification,41,2026-10-19,BASELINE,16.923076923076923,20,22000000.0,18615384.615384616,DERIVED,SIMULATED
S3-2,S3,Electrification,41,2026-10-19,CURRENT,12.006492322531958,20,22000000.0,13207141.554785153,DERIVED,SIMULATED
S3-2,S3,Electrification,41,2026-10-19,RECOVERY,12.999845720174038,20,22000000.0,14299830.292191442,DERIVED,SIMULATED
S3-2,S3,Electrification,42,2026-10-26,BASELINE,17.435897435897438,20,22000000.0,19179487.17948718,DERIVED,SIMULATED
S3-2,S3,Electrification,42,2026-10-26,CURRENT,12.36771173985635,20,22000000.0,13604482.913841987,DERIVED,SIMULATED
S3-2,S3,Electrification,42,2026-10-26,RECOVERY,13.45136999182953,20,22000000.0,14796506.991012484,DERIVED,SIMULATED
S3-2,S3,Electrification,43,2026-11-02,BASELINE,17.94871794871795,20,22000000.0,19743589.743589744,DERIVED,SIMULATED
S3-2,S3,Electrification,43,2026-11-02,CURRENT,12.728931157180744,20,22000000.0,14001824.27289882,DERIVED,SIMULATED
S3-2,S3,Electrification,43,2026-11-02,RECOVERY,13.90289426348502,20,22000000.0,15293183.689833522,DERIVED,SIMULATED
S3-2,S3,Electrification,44,2026-11-09,BASELINE,18.461538461538463,20,22000000.0,20307692.30769231,DERIVED,SIMULATED
S3-2,S3,Electrification,44,2026-11-09,CURRENT,13.090150574505136,20,22000000.0,14399165.63195565,DERIVED,SIMULATED
S3-2,S3,Electrification,44,2026-11-09,RECOVERY,14.35441853514051,20,22000000.0,15789860.388654564,DERIVED,SIMULATED
S3-2,S3,Electrification,45,2026-11-16,BASELINE,18.974358974358974,20,22000000.0,20871794.871794872,DERIVED,SIMULATED
S3-2,S3,Electrification,45,2026-11-16,CURRENT,13.45136999182953,20,22000000.0,14796506.991012484,DERIVED,SIMULATED
S3-2,S3,Electrification,45,2026-11-16,RECOVERY,14.805942806796002,20,22000000.0,16286537.087475603,DERIVED,SIMULATED
S3-2,S3,Electrification,46,2026-11-23,BASELINE,19.487179487179485,20,22000000.0,21435897.435897432,DERIVED,SIMULATED
S3-2,S3,Electrification,46,2026-11-23,CURRENT,13.812589409153922,20,22000000.0,15193848.350069314,DERIVED,SIMULATED
S3-2,S3,Electrification,46,2026-11-23,RECOVERY,15.257467078451494,20,22000000.0,16783213.786296643,DERIVED,SIMULATED
S3-2,S3,Electrification,47,2026-11-30,BASELINE,20.0,20,22000000.0,22000000.0,DERIVED,SIMULATED
S3-2,S3,Electrification,47,2026-11-30,CURRENT,14.173808826478314,20,22000000.0,15591189.709126145,DERIVED,SIMULATED
S3-2,S3,Electrification,47,2026-11-30,RECOVERY,15.708991350106984,20,22000000.0,17279890.48511768,DERIVED,SIMULATED
S3-2,S3,Electrification,48,2026-12-07,BASELINE,20.0,20,22000000.0,22000000.0,DERIVED,SIMULATED
S3-2,S3,Electrification,48,2026-12-07,CURRENT,14.535028243802708,20,22000000.0,15988531.068182979,DERIVED,SIMULATED
S3-2,S3,Electrification,48,2026-12-07,RECOVERY,16.160515621762478,20,22000000.0,17776567.183938727,DERIVED,SIMULATED
S3-2,S3,Electrification,49,2026-12-14,BASELINE,20.0,20,22000000.0,22000000.0,DERIVED,SIMULATED
S3-2,S3,Electrification,49,2026-12-14,CURRENT,14.8962476611271,20,22000000.0,16385872.427239811,DERIVED,SIMULATED
S3-2,S3,Electrification,49,2026-12-14,RECOVERY,16.612039893417965,20,22000000.0,18273243.88275976,DERIVED,SIMULATED
S3-2,S3,Electrification,50,2026-12-21,BASELINE,20.0,20,22000000.0,22000000.0,DERIVED,SIMULATED
S3-2,S3,Electrification,50,2026-12-21,CURRENT,15.257467078451494,20,22000000.0,16783213.786296643,DERIVED,SIMULATED
S3-2,S3,Electrification,50,2026-12-21,RECOVERY,17.06356416507346,20,22000000.0,18769920.581580803,DERIVED,SIMULATED
S3-2,S3,Electrification,51,2026-12-28,BASELINE,20.0,20,22000000.0,22000000.0,DERIVED,SIMULATED
S3-2,S3,Electrification,51,2026-12-28,CURRENT,15.618686495775886,20,22000000.0,17180555.145353474,DERIVED,SIMULATED
S3-2,S3,Electrification,51,2026-12-28,RECOVERY,17.51508843672895,20,22000000.0,19266597.280401845,DERIVED,SIMULATED
S3-2,S3,Electrification,52,2027-01-04,BASELINE,20.0,20,22000000.0,22000000.0,DERIVED,SIMULATED
S3-2,S3,Electrification,52,2027-01-04,CURRENT,15.979905913100279,20,22000000.0,17577896.504410304,DERIVED,SIMULATED
S3-2,S3,Electrification,52,2027-01-04,RECOVERY,17.96661270838444,20,22000000.0,19763273.979222883,DERIVED,SIMULATED
S3-2,S3,Electrification,53,2027-01-11,BASELINE,20.0,20,22000000.0,22000000.0,DERIVED,SIMULATED
S3-2,S3,Electrification,53,2027-01-11,CURRENT,16.341125330424674,20,22000000.0,17975237.863467142,DERIVED,SIMULATED
S3-2,S3,Electrification,53,2027-01-11,RECOVERY,18.418136980039932,20,22000000.0,20259950.678043924,DERIVED,SIMULATED
S3-2,S3,Electrification,54,2027-01-18,BASELINE,20.0,20,22000000.0,22000000.0,DERIVED,SIMULATED
S3-2,S3,Electrification,54,2027-01-18,CURRENT,16.702344747749066,20,22000000.0,18372579.222523972,DERIVED,SIMULATED
S3-2,S3,Electrification,54,2027-01-18,RECOVERY,18.86966125169542,20,22000000.0,20756627.376864962,DERIVED,SIMULATED
S3-2,S3,Electrification,55,2027-01-25,BASELINE,20.0,20,22000000.0,22000000.0,DERIVED,SIMULATED
S3-2,S3,Electrification,55,2027-01-25,CURRENT,17.06356416507346,20,22000000.0,18769920.581580803,DERIVED,SIMULATED
S3-2,S3,Electrification,55,2027-01-25,RECOVERY,19.321185523350913,20,22000000.0,21253304.075686004,DERIVED,SIMULATED
S3-2,S3,Electrification,56,2027-02-01,BASELINE,20.0,20,22000000.0,22000000.0,DERIVED,SIMULATED
S3-2,S3,Electrification,56,2027-02-01,CURRENT,17.42478358239785,20,22000000.0,19167261.940637637,DERIVED,SIMULATED
S3-2,S3,Electrification,56,2027-02-01,RECOVERY,19.772709795006403,20,22000000.0,21749980.774507042,DERIVED,SIMULATED
S3-2,S3,Electrification,57,2027-02-08,BASELINE,20.0,20,22000000.0,22000000.0,DERIVED,SIMULATED
S3-2,S3,Electrification,57,2027-02-08,CURRENT,17.786002999722243,20,22000000.0,19564603.299694467,DERIVED,SIMULATED
S3-2,S3,Electrification,57,2027-02-08,RECOVERY,20.0,20,22000000.0,22000000.0,DERIVED,SIMULATED
S3-2,S3,Electrification,58,2027-02-15,BASELINE,20.0,20,22000000.0,22000000.0,DERIVED,SIMULATED
S3-2,S3,Electrification,58,2027-02-15,CURRENT,18.147222417046635,20,22000000.0,19961944.658751298,DERIVED,SIMULATED
S3-2,S3,Electrification,58,2027-02-15,RECOVERY,20.0,20,22000000.0,22000000.0,DERIVED,SIMULATED
S3-2,S3,Electrification,59,2027-02-22,BASELINE,20.0,20,22000000.0,22000000.0,DERIVED,SIMULATED
S3-2,S3,Electrification,59,2027-02-22,CURRENT,18.508441834371027,20,22000000.0,20359286.017808132,DERIVED,SIMULATED
S3-2,S3,Electrification,59,2027-02-22,RECOVERY,20.0,20,22000000.0,22000000.0,DERIVED,SIMULATED
S3-2,S3,Electrification,60,2027-03-01,BASELINE,20.0,20,22000000.0,22000000.0,DERIVED,SIMULATED
S3-2,S3,Electrification,60,2027-03-01,CURRENT,18.86966125169542,20,22000000.0,20756627.376864962,DERIVED,SIMULATED
S3-2,S3,Electrification,60,2027-03-01,RECOVERY,20.0,20,22000000.0,22000000.0,DERIVED,SIMULATED
S3-2,S3,Electrification,61,2027-03-08,BASELINE,20.0,20,22000000.0,22000000.0,DERIVED,SIMULATED
S3-2,S3,Electrification,61,2027-03-08,CURRENT,19.230880669019815,20,22000000.0,21153968.735921796,DERIVED,SIMULATED
S3-2,S3,Electrification,61,2027-03-08,RECOVERY,20.0,20,22000000.0,22000000.0,DERIVED,SIMULATED
S3-2,S3,Electrification,62,2027-03-15,BASELINE,20.0,20,22000000.0,22000000.0,DERIVED,SIMULATED
S3-2,S3,Electrification,62,2027-03-15,CURRENT,19.592100086344207,20,22000000.0,21551310.094978627,DERIVED,SIMULATED
S3-2,S3,Electrification,62,2027-03-15,RECOVERY,20.0,20,22000000.0,22000000.0,DERIVED,SIMULATED
S3-2,S3,Electrification,63,2027-03-22,BASELINE,20.0,20,22000000.0,22000000.0,DERIVED,SIMULATED
S3-2,S3,Electrification,63,2027-03-22,CURRENT,19.9533195036686,20,22000000.0,21948651.454035457,DERIVED,SIMULATED
S3-2,S3,Electrification,63,2027-03-22,RECOVERY,20.0,20,22000000.0,22000000.0,DERIVED,SIMULATED
S3-2,S3,Electrification,64,2027-03-29,BASELINE,20.0,20,22000000.0,22000000.0,DERIVED,SIMULATED
S3-2,S3,Electrification,64,2027-03-29,CURRENT,20.0,20,22000000.0,22000000.0,DERIVED,SIMULATED
S3-2,S3,Electrification,64,2027-03-29,RECOVERY,20.0,20,22000000.0,22000000.0,DERIVED,SIMULATED
S3-2,S3,Electrification,65,2027-04-05,BASELINE,20.0,20,22000000.0,22000000.0,DERIVED,SIMULATED
S3-2,S3,Electrification,65,2027-04-05,CURRENT,20.0,20,22000000.0,22000000.0,DERIVED,SIMULATED
S3-2,S3,Electrification,65,2027-04-05,RECOVERY,20.0,20,22000000.0,22000000.0,DERIVED,SIMULATED
S3-2,S3,Electrification,66,2027-04-12,BASELINE,20.0,20,22000000.0,22000000.0,DERIVED,SIMULATED
S3-2,S3,Electrification,66,2027-04-12,CURRENT,20.0,20,22000000.0,22000000.0,DERIVED,SIMULATED
S3-2,S3,Electrification,66,2027-04-12,RECOVERY,20.0,20,22000000.0,22000000.0,DERIVED,SIMULATED
S3-2,S3,Electrification,67,2027-04-19,BASELINE,20.0,20,22000000.0,22000000.0,DERIVED,SIMULATED
S3-2,S3,Electrification,67,2027-04-19,CURRENT,20.0,20,22000000.0,22000000.0,DERIVED,SIMULATED
S3-2,S3,Electrification,67,2027-04-19,RECOVERY,20.0,20,22000000.0,22000000.0,DERIVED,SIMULATED
S3-2,S3,Electrification,68,2027-04-26,BASELINE,20.0,20,22000000.0,22000000.0,DERIVED,SIMULATED
S3-2,S3,Electrification,68,2027-04-26,CURRENT,20.0,20,22000000.0,22000000.0,DERIVED,SIMULATED
S3-2,S3,Electrification,68,2027-04-26,RECOVERY,20.0,20,22000000.0,22000000.0,DERIVED,SIMULATED
S3-2,S3,Electrification,69,2027-05-03,BASELINE,20.0,20,22000000.0,22000000.0,DERIVED,SIMULATED
S3-2,S3,Electrification,69,2027-05-03,CURRENT,20.0,20,22000000.0,22000000.0,DERIVED,SIMULATED
S3-2,S3,Electrification,69,2027-05-03,RECOVERY,20.0,20,22000000.0,22000000.0,DERIVED,SIMULATED
S3-2,S3,Electrification,70,2027-05-10,BASELINE,20.0,20,22000000.0,22000000.0,DERIVED,SIMULATED
S3-2,S3,Electrification,70,2027-05-10,CURRENT,20.0,20,22000000.0,22000000.0,DERIVED,SIMULATED
S3-2,S3,Electrification,70,2027-05-10,RECOVERY,20.0,20,22000000.0,22000000.0,DERIVED,SIMULATED
S3-2,S3,Electrification,71,2027-05-17,BASELINE,20.0,20,22000000.0,22000000.0,DERIVED,SIMULATED
S3-2,S3,Electrification,71,2027-05-17,CURRENT,20.0,20,22000000.0,22000000.0,DERIVED,SIMULATED
S3-2,S3,Electrification,71,2027-05-17,RECOVERY,20.0,20,22000000.0,22000000.0,DERIVED,SIMULATED
S3-2,S3,Electrification,72,2027-05-24,BASELINE,20.0,20,22000000.0,22000000.0,DERIVED,SIMULATED
S3-2,S3,Electrification,72,2027-05-24,CURRENT,20.0,20,22000000.0,22000000.0,DERIVED,SIMULATED
S3-2,S3,Electrification,72,2027-05-24,RECOVERY,20.0,20,22000000.0,22000000.0,DERIVED,SIMULATED
S3-2,S3,Electrification,73,2027-05-31,BASELINE,20.0,20,22000000.0,22000000.0,DERIVED,SIMULATED
S3-2,S3,Electrification,73,2027-05-31,CURRENT,20.0,20,22000000.0,22000000.0,DERIVED,SIMULATED
S3-2,S3,Electrification,73,2027-05-31,RECOVERY,20.0,20,22000000.0,22000000.0,DERIVED,SIMULATED
S3-2,S3,Electrification,74,2027-06-07,BASELINE,20.0,20,22000000.0,22000000.0,DERIVED,SIMULATED
S3-2,S3,Electrification,74,2027-06-07,CURRENT,20.0,20,22000000.0,22000000.0,DERIVED,SIMULATED
S3-2,S3,Electrification,74,2027-06-07,RECOVERY,20.0,20,22000000.0,22000000.0,DERIVED,SIMULATED
S3-2,S3,Electrification,75,2027-06-14,BASELINE,20.0,20,22000000.0,22000000.0,DERIVED,SIMULATED
S3-2,S3,Electrification,75,2027-06-14,CURRENT,20.0,20,22000000.0,22000000.0,DERIVED,SIMULATED
S3-2,S3,Electrification,75,2027-06-14,RECOVERY,20.0,20,22000000.0,22000000.0,DERIVED,SIMULATED
S3-2,S3,Electrification,76,2027-06-21,BASELINE,20.0,20,22000000.0,22000000.0,DERIVED,SIMULATED
S3-2,S3,Electrification,76,2027-06-21,CURRENT,20.0,20,22000000.0,22000000.0,DERIVED,SIMULATED
S3-2,S3,Electrification,76,2027-06-21,RECOVERY,20.0,20,22000000.0,22000000.0,DERIVED,SIMULATED
S3-2,S3,Electrification,77,2027-06-28,BASELINE,20.0,20,22000000.0,22000000.0,DERIVED,SIMULATED
S3-2,S3,Electrification,77,2027-06-28,CURRENT,20.0,20,22000000.0,22000000.0,DERIVED,SIMULATED
S3-2,S3,Electrification,77,2027-06-28,RECOVERY,20.0,20,22000000.0,22000000.0,DERIVED,SIMULATED
S3-2,S3,Electrification,78,2027-07-05,BASELINE,20.0,20,22000000.0,22000000.0,DERIVED,SIMULATED
S3-2,S3,Electrification,78,2027-07-05,CURRENT,20.0,20,22000000.0,22000000.0,DERIVED,SIMULATED
S3-2,S3,Electrification,78,2027-07-05,RECOVERY,20.0,20,22000000.0,22000000.0,DERIVED,SIMULATED
S3-2,S3,Electrification,79,2027-07-12,BASELINE,20.0,20,22000000.0,22000000.0,DERIVED,SIMULATED
S3-2,S3,Electrification,79,2027-07-12,CURRENT,20.0,20,22000000.0,22000000.0,DERIVED,SIMULATED
S3-2,S3,Electrification,79,2027-07-12,RECOVERY,20.0,20,22000000.0,22000000.0,DERIVED,SIMULATED
S3-2,S3,Electrification,80,2027-07-19,BASELINE,20.0,20,22000000.0,22000000.0,DERIVED,SIMULATED
S3-2,S3,Electrification,80,2027-07-19,CURRENT,20.0,20,22000000.0,22000000.0,DERIVED,SIMULATED
S3-2,S3,Electrification,80,2027-07-19,RECOVERY,20.0,20,22000000.0,22000000.0,DERIVED,SIMULATED
S3-2,S3,Electrification,81,2027-07-26,BASELINE,20.0,20,22000000.0,22000000.0,DERIVED,SIMULATED
S3-2,S3,Electrification,81,2027-07-26,CURRENT,20.0,20,22000000.0,22000000.0,DERIVED,SIMULATED
S3-2,S3,Electrification,81,2027-07-26,RECOVERY,20.0,20,22000000.0,22000000.0,DERIVED,SIMULATED
S3-2,S3,Electrification,82,2027-08-02,BASELINE,20.0,20,22000000.0,22000000.0,DERIVED,SIMULATED
S3-2,S3,Electrification,82,2027-08-02,CURRENT,20.0,20,22000000.0,22000000.0,DERIVED,SIMULATED
S3-2,S3,Electrification,82,2027-08-02,RECOVERY,20.0,20,22000000.0,22000000.0,DERIVED,SIMULATED
S3-3,S3,Stations,30,2026-08-03,BASELINE,1.3,2,24000000.0,15600000.0,DERIVED,SIMULATED
S3-3,S3,Stations,30,2026-08-03,CURRENT,0.0,2,24000000.0,0.0,DERIVED,SIMULATED
S3-3,S3,Stations,30,2026-08-03,RECOVERY,0.0,2,24000000.0,0.0,DERIVED,SIMULATED
S3-3,S3,Stations,31,2026-08-10,BASELINE,1.35,2,24000000.0,16200000.000000002,DERIVED,SIMULATED
S3-3,S3,Stations,31,2026-08-10,CURRENT,0.0,2,24000000.0,0.0,DERIVED,SIMULATED
S3-3,S3,Stations,31,2026-08-10,RECOVERY,0.0,2,24000000.0,0.0,DERIVED,SIMULATED
S3-3,S3,Stations,32,2026-08-17,BASELINE,1.4,2,24000000.0,16800000.0,DERIVED,SIMULATED
S3-3,S3,Stations,32,2026-08-17,CURRENT,0.0,2,24000000.0,0.0,DERIVED,SIMULATED
S3-3,S3,Stations,32,2026-08-17,RECOVERY,0.0,2,24000000.0,0.0,DERIVED,SIMULATED
S3-3,S3,Stations,33,2026-08-24,BASELINE,1.45,2,24000000.0,17400000.0,DERIVED,SIMULATED
S3-3,S3,Stations,33,2026-08-24,CURRENT,0.0,2,24000000.0,0.0,DERIVED,SIMULATED
S3-3,S3,Stations,33,2026-08-24,RECOVERY,0.0,2,24000000.0,0.0,DERIVED,SIMULATED
S3-3,S3,Stations,34,2026-08-31,BASELINE,1.5,2,24000000.0,18000000.0,DERIVED,SIMULATED
S3-3,S3,Stations,34,2026-08-31,CURRENT,0.0,2,24000000.0,0.0,DERIVED,SIMULATED
S3-3,S3,Stations,34,2026-08-31,RECOVERY,0.0,2,24000000.0,0.0,DERIVED,SIMULATED
S3-3,S3,Stations,35,2026-09-07,BASELINE,1.55,2,24000000.0,18600000.0,DERIVED,SIMULATED
S3-3,S3,Stations,35,2026-09-07,CURRENT,0.0,2,24000000.0,0.0,DERIVED,SIMULATED
S3-3,S3,Stations,35,2026-09-07,RECOVERY,0.0,2,24000000.0,0.0,DERIVED,SIMULATED
S3-3,S3,Stations,36,2026-09-14,BASELINE,1.6,2,24000000.0,19200000.0,DERIVED,SIMULATED
S3-3,S3,Stations,36,2026-09-14,CURRENT,0.0,2,24000000.0,0.0,DERIVED,SIMULATED
S3-3,S3,Stations,36,2026-09-14,RECOVERY,0.0,2,24000000.0,0.0,DERIVED,SIMULATED
S3-3,S3,Stations,37,2026-09-21,BASELINE,1.65,2,24000000.0,19800000.0,DERIVED,SIMULATED
S3-3,S3,Stations,37,2026-09-21,CURRENT,0.0,2,24000000.0,0.0,DERIVED,SIMULATED
S3-3,S3,Stations,37,2026-09-21,RECOVERY,0.0,2,24000000.0,0.0,DERIVED,SIMULATED
S3-3,S3,Stations,38,2026-09-28,BASELINE,1.7,2,24000000.0,20400000.0,DERIVED,SIMULATED
S3-3,S3,Stations,38,2026-09-28,CURRENT,0.0,2,24000000.0,0.0,DERIVED,SIMULATED
S3-3,S3,Stations,38,2026-09-28,RECOVERY,0.0,2,24000000.0,0.0,DERIVED,SIMULATED
S3-3,S3,Stations,39,2026-10-05,BASELINE,1.75,2,24000000.0,21000000.0,DERIVED,SIMULATED
S3-3,S3,Stations,39,2026-10-05,CURRENT,0.0,2,24000000.0,0.0,DERIVED,SIMULATED
S3-3,S3,Stations,39,2026-10-05,RECOVERY,0.0,2,24000000.0,0.0,DERIVED,SIMULATED
S3-3,S3,Stations,40,2026-10-12,BASELINE,1.8,2,24000000.0,21600000.0,DERIVED,SIMULATED
S3-3,S3,Stations,40,2026-10-12,CURRENT,0.0,2,24000000.0,0.0,DERIVED,SIMULATED
S3-3,S3,Stations,40,2026-10-12,RECOVERY,0.0,2,24000000.0,0.0,DERIVED,SIMULATED
S3-3,S3,Stations,41,2026-10-19,BASELINE,1.85,2,24000000.0,22200000.0,DERIVED,SIMULATED
S3-3,S3,Stations,41,2026-10-19,CURRENT,0.0,2,24000000.0,0.0,DERIVED,SIMULATED
S3-3,S3,Stations,41,2026-10-19,RECOVERY,0.0,2,24000000.0,0.0,DERIVED,SIMULATED
S3-3,S3,Stations,42,2026-10-26,BASELINE,1.9,2,24000000.0,22800000.0,DERIVED,SIMULATED
S3-3,S3,Stations,42,2026-10-26,CURRENT,0.0,2,24000000.0,0.0,DERIVED,SIMULATED
S3-3,S3,Stations,42,2026-10-26,RECOVERY,0.0,2,24000000.0,0.0,DERIVED,SIMULATED
S3-3,S3,Stations,43,2026-11-02,BASELINE,1.95,2,24000000.0,23400000.0,DERIVED,SIMULATED
S3-3,S3,Stations,43,2026-11-02,CURRENT,0.0,2,24000000.0,0.0,DERIVED,SIMULATED
S3-3,S3,Stations,43,2026-11-02,RECOVERY,0.0,2,24000000.0,0.0,DERIVED,SIMULATED
S3-3,S3,Stations,44,2026-11-09,BASELINE,2.0,2,24000000.0,24000000.0,DERIVED,SIMULATED
S3-3,S3,Stations,44,2026-11-09,CURRENT,0.0,2,24000000.0,0.0,DERIVED,SIMULATED
S3-3,S3,Stations,44,2026-11-09,RECOVERY,0.0,2,24000000.0,0.0,DERIVED,SIMULATED
S3-3,S3,Stations,45,2026-11-16,BASELINE,2.0,2,24000000.0,24000000.0,DERIVED,SIMULATED
S3-3,S3,Stations,45,2026-11-16,CURRENT,0.0,2,24000000.0,0.0,DERIVED,SIMULATED
S3-3,S3,Stations,45,2026-11-16,RECOVERY,0.0,2,24000000.0,0.0,DERIVED,SIMULATED
S3-3,S3,Stations,46,2026-11-23,BASELINE,2.0,2,24000000.0,24000000.0,DERIVED,SIMULATED
S3-3,S3,Stations,46,2026-11-23,CURRENT,0.0,2,24000000.0,0.0,DERIVED,SIMULATED
S3-3,S3,Stations,46,2026-11-23,RECOVERY,0.0,2,24000000.0,0.0,DERIVED,SIMULATED
S3-3,S3,Stations,47,2026-11-30,BASELINE,2.0,2,24000000.0,24000000.0,DERIVED,SIMULATED
S3-3,S3,Stations,47,2026-11-30,CURRENT,0.0,2,24000000.0,0.0,DERIVED,SIMULATED
S3-3,S3,Stations,47,2026-11-30,RECOVERY,0.0,2,24000000.0,0.0,DERIVED,SIMULATED
S3-3,S3,Stations,48,2026-12-07,BASELINE,2.0,2,24000000.0,24000000.0,DERIVED,SIMULATED
S3-3,S3,Stations,48,2026-12-07,CURRENT,0.0,2,24000000.0,0.0,DERIVED,SIMULATED
S3-3,S3,Stations,48,2026-12-07,RECOVERY,0.0,2,24000000.0,0.0,DERIVED,SIMULATED
S3-3,S3,Stations,49,2026-12-14,BASELINE,2.0,2,24000000.0,24000000.0,DERIVED,SIMULATED
S3-3,S3,Stations,49,2026-12-14,CURRENT,0.0,2,24000000.0,0.0,DERIVED,SIMULATED
S3-3,S3,Stations,49,2026-12-14,RECOVERY,0.0,2,24000000.0,0.0,DERIVED,SIMULATED
S3-3,S3,Stations,50,2026-12-21,BASELINE,2.0,2,24000000.0,24000000.0,DERIVED,SIMULATED
S3-3,S3,Stations,50,2026-12-21,CURRENT,0.0,2,24000000.0,0.0,DERIVED,SIMULATED
S3-3,S3,Stations,50,2026-12-21,RECOVERY,0.0,2,24000000.0,0.0,DERIVED,SIMULATED
S3-3,S3,Stations,51,2026-12-28,BASELINE,2.0,2,24000000.0,24000000.0,DERIVED,SIMULATED
S3-3,S3,Stations,51,2026-12-28,CURRENT,0.0,2,24000000.0,0.0,DERIVED,SIMULATED
S3-3,S3,Stations,51,2026-12-28,RECOVERY,0.0,2,24000000.0,0.0,DERIVED,SIMULATED
S3-3,S3,Stations,52,2027-01-04,BASELINE,2.0,2,24000000.0,24000000.0,DERIVED,SIMULATED
S3-3,S3,Stations,52,2027-01-04,CURRENT,0.0,2,24000000.0,0.0,DERIVED,SIMULATED
S3-3,S3,Stations,52,2027-01-04,RECOVERY,0.0,2,24000000.0,0.0,DERIVED,SIMULATED
S3-3,S3,Stations,53,2027-01-11,BASELINE,2.0,2,24000000.0,24000000.0,DERIVED,SIMULATED
S3-3,S3,Stations,53,2027-01-11,CURRENT,0.0,2,24000000.0,0.0,DERIVED,SIMULATED
S3-3,S3,Stations,53,2027-01-11,RECOVERY,0.0,2,24000000.0,0.0,DERIVED,SIMULATED
S3-3,S3,Stations,54,2027-01-18,BASELINE,2.0,2,24000000.0,24000000.0,DERIVED,SIMULATED
S3-3,S3,Stations,54,2027-01-18,CURRENT,0.0,2,24000000.0,0.0,DERIVED,SIMULATED
S3-3,S3,Stations,54,2027-01-18,RECOVERY,0.0,2,24000000.0,0.0,DERIVED,SIMULATED
S3-3,S3,Stations,55,2027-01-25,BASELINE,2.0,2,24000000.0,24000000.0,DERIVED,SIMULATED
S3-3,S3,Stations,55,2027-01-25,CURRENT,0.0,2,24000000.0,0.0,DERIVED,SIMULATED
S3-3,S3,Stations,55,2027-01-25,RECOVERY,0.0,2,24000000.0,0.0,DERIVED,SIMULATED
S3-3,S3,Stations,56,2027-02-01,BASELINE,2.0,2,24000000.0,24000000.0,DERIVED,SIMULATED
S3-3,S3,Stations,56,2027-02-01,CURRENT,0.0,2,24000000.0,0.0,DERIVED,SIMULATED
S3-3,S3,Stations,56,2027-02-01,RECOVERY,0.0,2,24000000.0,0.0,DERIVED,SIMULATED
S3-3,S3,Stations,57,2027-02-08,BASELINE,2.0,2,24000000.0,24000000.0,DERIVED,SIMULATED
S3-3,S3,Stations,57,2027-02-08,CURRENT,0.0,2,24000000.0,0.0,DERIVED,SIMULATED
S3-3,S3,Stations,57,2027-02-08,RECOVERY,0.0,2,24000000.0,0.0,DERIVED,SIMULATED
S3-3,S3,Stations,58,2027-02-15,BASELINE,2.0,2,24000000.0,24000000.0,DERIVED,SIMULATED
S3-3,S3,Stations,58,2027-02-15,CURRENT,0.0,2,24000000.0,0.0,DERIVED,SIMULATED
S3-3,S3,Stations,58,2027-02-15,RECOVERY,0.0,2,24000000.0,0.0,DERIVED,SIMULATED
S3-3,S3,Stations,59,2027-02-22,BASELINE,2.0,2,24000000.0,24000000.0,DERIVED,SIMULATED
S3-3,S3,Stations,59,2027-02-22,CURRENT,0.0,2,24000000.0,0.0,DERIVED,SIMULATED
S3-3,S3,Stations,59,2027-02-22,RECOVERY,0.0,2,24000000.0,0.0,DERIVED,SIMULATED
S3-3,S3,Stations,60,2027-03-01,BASELINE,2.0,2,24000000.0,24000000.0,DERIVED,SIMULATED
S3-3,S3,Stations,60,2027-03-01,CURRENT,0.0,2,24000000.0,0.0,DERIVED,SIMULATED
S3-3,S3,Stations,60,2027-03-01,RECOVERY,0.0,2,24000000.0,0.0,DERIVED,SIMULATED
S3-3,S3,Stations,61,2027-03-08,BASELINE,2.0,2,24000000.0,24000000.0,DERIVED,SIMULATED
S3-3,S3,Stations,61,2027-03-08,CURRENT,0.0,2,24000000.0,0.0,DERIVED,SIMULATED
S3-3,S3,Stations,61,2027-03-08,RECOVERY,0.0,2,24000000.0,0.0,DERIVED,SIMULATED
S3-3,S3,Stations,62,2027-03-15,BASELINE,2.0,2,24000000.0,24000000.0,DERIVED,SIMULATED
S3-3,S3,Stations,62,2027-03-15,CURRENT,0.0,2,24000000.0,0.0,DERIVED,SIMULATED
S3-3,S3,Stations,62,2027-03-15,RECOVERY,0.0,2,24000000.0,0.0,DERIVED,SIMULATED
S3-3,S3,Stations,63,2027-03-22,BASELINE,2.0,2,24000000.0,24000000.0,DERIVED,SIMULATED
S3-3,S3,Stations,63,2027-03-22,CURRENT,0.0,2,24000000.0,0.0,DERIVED,SIMULATED
S3-3,S3,Stations,63,2027-03-22,RECOVERY,0.0,2,24000000.0,0.0,DERIVED,SIMULATED
S3-3,S3,Stations,64,2027-03-29,BASELINE,2.0,2,24000000.0,24000000.0,DERIVED,SIMULATED
S3-3,S3,Stations,64,2027-03-29,CURRENT,0.0,2,24000000.0,0.0,DERIVED,SIMULATED
S3-3,S3,Stations,64,2027-03-29,RECOVERY,0.0,2,24000000.0,0.0,DERIVED,SIMULATED
S3-3,S3,Stations,65,2027-04-05,BASELINE,2.0,2,24000000.0,24000000.0,DERIVED,SIMULATED
S3-3,S3,Stations,65,2027-04-05,CURRENT,0.0,2,24000000.0,0.0,DERIVED,SIMULATED
S3-3,S3,Stations,65,2027-04-05,RECOVERY,0.0,2,24000000.0,0.0,DERIVED,SIMULATED
S3-3,S3,Stations,66,2027-04-12,BASELINE,2.0,2,24000000.0,24000000.0,DERIVED,SIMULATED
S3-3,S3,Stations,66,2027-04-12,CURRENT,0.0,2,24000000.0,0.0,DERIVED,SIMULATED
S3-3,S3,Stations,66,2027-04-12,RECOVERY,0.0,2,24000000.0,0.0,DERIVED,SIMULATED
S3-3,S3,Stations,67,2027-04-19,BASELINE,2.0,2,24000000.0,24000000.0,DERIVED,SIMULATED
S3-3,S3,Stations,67,2027-04-19,CURRENT,0.0,2,24000000.0,0.0,DERIVED,SIMULATED
S3-3,S3,Stations,67,2027-04-19,RECOVERY,0.0,2,24000000.0,0.0,DERIVED,SIMULATED
S3-3,S3,Stations,68,2027-04-26,BASELINE,2.0,2,24000000.0,24000000.0,DERIVED,SIMULATED
S3-3,S3,Stations,68,2027-04-26,CURRENT,0.0,2,24000000.0,0.0,DERIVED,SIMULATED
S3-3,S3,Stations,68,2027-04-26,RECOVERY,0.0,2,24000000.0,0.0,DERIVED,SIMULATED
S3-3,S3,Stations,69,2027-05-03,BASELINE,2.0,2,24000000.0,24000000.0,DERIVED,SIMULATED
S3-3,S3,Stations,69,2027-05-03,CURRENT,0.0,2,24000000.0,0.0,DERIVED,SIMULATED
S3-3,S3,Stations,69,2027-05-03,RECOVERY,0.0,2,24000000.0,0.0,DERIVED,SIMULATED
S3-3,S3,Stations,70,2027-05-10,BASELINE,2.0,2,24000000.0,24000000.0,DERIVED,SIMULATED
S3-3,S3,Stations,70,2027-05-10,CURRENT,0.0,2,24000000.0,0.0,DERIVED,SIMULATED
S3-3,S3,Stations,70,2027-05-10,RECOVERY,0.0,2,24000000.0,0.0,DERIVED,SIMULATED
S3-3,S3,Stations,71,2027-05-17,BASELINE,2.0,2,24000000.0,24000000.0,DERIVED,SIMULATED
S3-3,S3,Stations,71,2027-05-17,CURRENT,0.0,2,24000000.0,0.0,DERIVED,SIMULATED
S3-3,S3,Stations,71,2027-05-17,RECOVERY,0.0,2,24000000.0,0.0,DERIVED,SIMULATED
S3-3,S3,Stations,72,2027-05-24,BASELINE,2.0,2,24000000.0,24000000.0,DERIVED,SIMULATED
S3-3,S3,Stations,72,2027-05-24,CURRENT,0.0,2,24000000.0,0.0,DERIVED,SIMULATED
S3-3,S3,Stations,72,2027-05-24,RECOVERY,0.0,2,24000000.0,0.0,DERIVED,SIMULATED
S3-3,S3,Stations,73,2027-05-31,BASELINE,2.0,2,24000000.0,24000000.0,DERIVED,SIMULATED
S3-3,S3,Stations,73,2027-05-31,CURRENT,0.0,2,24000000.0,0.0,DERIVED,SIMULATED
S3-3,S3,Stations,73,2027-05-31,RECOVERY,0.0,2,24000000.0,0.0,DERIVED,SIMULATED
S3-3,S3,Stations,74,2027-06-07,BASELINE,2.0,2,24000000.0,24000000.0,DERIVED,SIMULATED
S3-3,S3,Stations,74,2027-06-07,CURRENT,0.0,2,24000000.0,0.0,DERIVED,SIMULATED
S3-3,S3,Stations,74,2027-06-07,RECOVERY,0.0,2,24000000.0,0.0,DERIVED,SIMULATED
S3-3,S3,Stations,75,2027-06-14,BASELINE,2.0,2,24000000.0,24000000.0,DERIVED,SIMULATED
S3-3,S3,Stations,75,2027-06-14,CURRENT,0.0,2,24000000.0,0.0,DERIVED,SIMULATED
S3-3,S3,Stations,75,2027-06-14,RECOVERY,0.0,2,24000000.0,0.0,DERIVED,SIMULATED
S3-3,S3,Stations,76,2027-06-21,BASELINE,2.0,2,24000000.0,24000000.0,DERIVED,SIMULATED
S3-3,S3,Stations,76,2027-06-21,CURRENT,0.0,2,24000000.0,0.0,DERIVED,SIMULATED
S3-3,S3,Stations,76,2027-06-21,RECOVERY,0.0,2,24000000.0,0.0,DERIVED,SIMULATED
S3-3,S3,Stations,77,2027-06-28,BASELINE,2.0,2,24000000.0,24000000.0,DERIVED,SIMULATED
S3-3,S3,Stations,77,2027-06-28,CURRENT,0.0,2,24000000.0,0.0,DERIVED,SIMULATED
S3-3,S3,Stations,77,2027-06-28,RECOVERY,0.0,2,24000000.0,0.0,DERIVED,SIMULATED
S3-3,S3,Stations,78,2027-07-05,BASELINE,2.0,2,24000000.0,24000000.0,DERIVED,SIMULATED
S3-3,S3,Stations,78,2027-07-05,CURRENT,0.0,2,24000000.0,0.0,DERIVED,SIMULATED
S3-3,S3,Stations,78,2027-07-05,RECOVERY,0.0,2,24000000.0,0.0,DERIVED,SIMULATED
S3-3,S3,Stations,79,2027-07-12,BASELINE,2.0,2,24000000.0,24000000.0,DERIVED,SIMULATED
S3-3,S3,Stations,79,2027-07-12,CURRENT,0.0,2,24000000.0,0.0,DERIVED,SIMULATED
S3-3,S3,Stations,79,2027-07-12,RECOVERY,0.0,2,24000000.0,0.0,DERIVED,SIMULATED
S3-3,S3,Stations,80,2027-07-19,BASELINE,2.0,2,24000000.0,24000000.0,DERIVED,SIMULATED
S3-3,S3,Stations,80,2027-07-19,CURRENT,0.0,2,24000000.0,0.0,DERIVED,SIMULATED
S3-3,S3,Stations,80,2027-07-19,RECOVERY,0.0,2,24000000.0,0.0,DERIVED,SIMULATED
S3-3,S3,Stations,81,2027-07-26,BASELINE,2.0,2,24000000.0,24000000.0,DERIVED,SIMULATED
S3-3,S3,Stations,81,2027-07-26,CURRENT,0.0,2,24000000.0,0.0,DERIVED,SIMULATED
S3-3,S3,Stations,81,2027-07-26,RECOVERY,0.0,2,24000000.0,0.0,DERIVED,SIMULATED
S3-3,S3,Stations,82,2027-08-02,BASELINE,2.0,2,24000000.0,24000000.0,DERIVED,SIMULATED
S3-3,S3,Stations,82,2027-08-02,CURRENT,0.0,2,24000000.0,0.0,DERIVED,SIMULATED
S3-3,S3,Stations,82,2027-08-02,RECOVERY,0.0,2,24000000.0,0.0,DERIVED,SIMULATED
S3-4,S3,Signaling,30,2026-08-03,BASELINE,1.6216216216216217,4,8000000.0,3243243.2432432435,DERIVED,SIMULATED
S3-4,S3,Signaling,30,2026-08-03,CURRENT,1.0,4,8000000.0,2000000.0,DERIVED,SIMULATED
S3-4,S3,Signaling,30,2026-08-03,RECOVERY,1.0,4,8000000.0,2000000.0,DERIVED,SIMULATED
S3-4,S3,Signaling,31,2026-08-10,BASELINE,1.7297297297297298,4,8000000.0,3459459.45945946,DERIVED,SIMULATED
S3-4,S3,Signaling,31,2026-08-10,CURRENT,1.0,4,8000000.0,2000000.0,DERIVED,SIMULATED
S3-4,S3,Signaling,31,2026-08-10,RECOVERY,1.0,4,8000000.0,2000000.0,DERIVED,SIMULATED
S3-4,S3,Signaling,32,2026-08-17,BASELINE,1.837837837837838,4,8000000.0,3675675.6756756757,DERIVED,SIMULATED
S3-4,S3,Signaling,32,2026-08-17,CURRENT,1.0,4,8000000.0,2000000.0,DERIVED,SIMULATED
S3-4,S3,Signaling,32,2026-08-17,RECOVERY,1.0,4,8000000.0,2000000.0,DERIVED,SIMULATED
S3-4,S3,Signaling,33,2026-08-24,BASELINE,1.945945945945946,4,8000000.0,3891891.891891892,DERIVED,SIMULATED
S3-4,S3,Signaling,33,2026-08-24,CURRENT,1.0,4,8000000.0,2000000.0,DERIVED,SIMULATED
S3-4,S3,Signaling,33,2026-08-24,RECOVERY,1.0,4,8000000.0,2000000.0,DERIVED,SIMULATED
S3-4,S3,Signaling,34,2026-08-31,BASELINE,2.054054054054054,4,8000000.0,4108108.108108108,DERIVED,SIMULATED
S3-4,S3,Signaling,34,2026-08-31,CURRENT,2.0,4,8000000.0,4000000.0,DERIVED,SIMULATED
S3-4,S3,Signaling,34,2026-08-31,RECOVERY,2.0,4,8000000.0,4000000.0,DERIVED,SIMULATED
S3-4,S3,Signaling,35,2026-09-07,BASELINE,2.1621621621621623,4,8000000.0,4324324.324324325,DERIVED,SIMULATED
S3-4,S3,Signaling,35,2026-09-07,CURRENT,2.0,4,8000000.0,4000000.0,DERIVED,SIMULATED
S3-4,S3,Signaling,35,2026-09-07,RECOVERY,2.0,4,8000000.0,4000000.0,DERIVED,SIMULATED
S3-4,S3,Signaling,36,2026-09-14,BASELINE,2.27027027027027,4,8000000.0,4540540.540540541,DERIVED,SIMULATED
S3-4,S3,Signaling,36,2026-09-14,CURRENT,2.0,4,8000000.0,4000000.0,DERIVED,SIMULATED
S3-4,S3,Signaling,36,2026-09-14,RECOVERY,2.0,4,8000000.0,4000000.0,DERIVED,SIMULATED
S3-4,S3,Signaling,37,2026-09-21,BASELINE,2.3783783783783785,4,8000000.0,4756756.756756757,DERIVED,SIMULATED
S3-4,S3,Signaling,37,2026-09-21,CURRENT,2.0,4,8000000.0,4000000.0,DERIVED,SIMULATED
S3-4,S3,Signaling,37,2026-09-21,RECOVERY,3.0,4,8000000.0,6000000.0,DERIVED,SIMULATED
S3-4,S3,Signaling,38,2026-09-28,BASELINE,2.4864864864864864,4,8000000.0,4972972.972972973,DERIVED,SIMULATED
S3-4,S3,Signaling,38,2026-09-28,CURRENT,3.0,4,8000000.0,6000000.0,DERIVED,SIMULATED
S3-4,S3,Signaling,38,2026-09-28,RECOVERY,3.0,4,8000000.0,6000000.0,DERIVED,SIMULATED
S3-4,S3,Signaling,39,2026-10-05,BASELINE,2.5945945945945947,4,8000000.0,5189189.189189189,DERIVED,SIMULATED
S3-4,S3,Signaling,39,2026-10-05,CURRENT,3.0,4,8000000.0,6000000.0,DERIVED,SIMULATED
S3-4,S3,Signaling,39,2026-10-05,RECOVERY,3.0,4,8000000.0,6000000.0,DERIVED,SIMULATED
S3-4,S3,Signaling,40,2026-10-12,BASELINE,2.7027027027027026,4,8000000.0,5405405.405405405,DERIVED,SIMULATED
S3-4,S3,Signaling,40,2026-10-12,CURRENT,3.0,4,8000000.0,6000000.0,DERIVED,SIMULATED
S3-4,S3,Signaling,40,2026-10-12,RECOVERY,4.0,4,8000000.0,8000000.0,DERIVED,SIMULATED
S3-4,S3,Signaling,41,2026-10-19,BASELINE,2.810810810810811,4,8000000.0,5621621.621621622,DERIVED,SIMULATED
S3-4,S3,Signaling,41,2026-10-19,CURRENT,3.0,4,8000000.0,6000000.0,DERIVED,SIMULATED
S3-4,S3,Signaling,41,2026-10-19,RECOVERY,4.0,4,8000000.0,8000000.0,DERIVED,SIMULATED
S3-4,S3,Signaling,42,2026-10-26,BASELINE,2.918918918918919,4,8000000.0,5837837.837837838,DERIVED,SIMULATED
S3-4,S3,Signaling,42,2026-10-26,CURRENT,4.0,4,8000000.0,8000000.0,DERIVED,SIMULATED
S3-4,S3,Signaling,42,2026-10-26,RECOVERY,4.0,4,8000000.0,8000000.0,DERIVED,SIMULATED
S3-4,S3,Signaling,43,2026-11-02,BASELINE,3.027027027027027,4,8000000.0,6054054.054054054,DERIVED,SIMULATED
S3-4,S3,Signaling,43,2026-11-02,CURRENT,4.0,4,8000000.0,8000000.0,DERIVED,SIMULATED
S3-4,S3,Signaling,43,2026-11-02,RECOVERY,4.0,4,8000000.0,8000000.0,DERIVED,SIMULATED
S3-4,S3,Signaling,44,2026-11-09,BASELINE,3.135135135135135,4,8000000.0,6270270.27027027,DERIVED,SIMULATED
S3-4,S3,Signaling,44,2026-11-09,CURRENT,4.0,4,8000000.0,8000000.0,DERIVED,SIMULATED
S3-4,S3,Signaling,44,2026-11-09,RECOVERY,4.0,4,8000000.0,8000000.0,DERIVED,SIMULATED
S3-4,S3,Signaling,45,2026-11-16,BASELINE,3.2432432432432434,4,8000000.0,6486486.486486487,DERIVED,SIMULATED
S3-4,S3,Signaling,45,2026-11-16,CURRENT,4.0,4,8000000.0,8000000.0,DERIVED,SIMULATED
S3-4,S3,Signaling,45,2026-11-16,RECOVERY,4.0,4,8000000.0,8000000.0,DERIVED,SIMULATED
S3-4,S3,Signaling,46,2026-11-23,BASELINE,3.3513513513513513,4,8000000.0,6702702.702702703,DERIVED,SIMULATED
S3-4,S3,Signaling,46,2026-11-23,CURRENT,4.0,4,8000000.0,8000000.0,DERIVED,SIMULATED
S3-4,S3,Signaling,46,2026-11-23,RECOVERY,4.0,4,8000000.0,8000000.0,DERIVED,SIMULATED
S3-4,S3,Signaling,47,2026-11-30,BASELINE,3.4594594594594597,4,8000000.0,6918918.91891892,DERIVED,SIMULATED
S3-4,S3,Signaling,47,2026-11-30,CURRENT,4.0,4,8000000.0,8000000.0,DERIVED,SIMULATED
S3-4,S3,Signaling,47,2026-11-30,RECOVERY,4.0,4,8000000.0,8000000.0,DERIVED,SIMULATED
S3-4,S3,Signaling,48,2026-12-07,BASELINE,3.5675675675675675,4,8000000.0,7135135.135135135,DERIVED,SIMULATED
S3-4,S3,Signaling,48,2026-12-07,CURRENT,4.0,4,8000000.0,8000000.0,DERIVED,SIMULATED
S3-4,S3,Signaling,48,2026-12-07,RECOVERY,4.0,4,8000000.0,8000000.0,DERIVED,SIMULATED
S3-4,S3,Signaling,49,2026-12-14,BASELINE,3.675675675675676,4,8000000.0,7351351.3513513515,DERIVED,SIMULATED
S3-4,S3,Signaling,49,2026-12-14,CURRENT,4.0,4,8000000.0,8000000.0,DERIVED,SIMULATED
S3-4,S3,Signaling,49,2026-12-14,RECOVERY,4.0,4,8000000.0,8000000.0,DERIVED,SIMULATED
S3-4,S3,Signaling,50,2026-12-21,BASELINE,3.7837837837837838,4,8000000.0,7567567.567567567,DERIVED,SIMULATED
S3-4,S3,Signaling,50,2026-12-21,CURRENT,4.0,4,8000000.0,8000000.0,DERIVED,SIMULATED
S3-4,S3,Signaling,50,2026-12-21,RECOVERY,4.0,4,8000000.0,8000000.0,DERIVED,SIMULATED
S3-4,S3,Signaling,51,2026-12-28,BASELINE,3.891891891891892,4,8000000.0,7783783.783783784,DERIVED,SIMULATED
S3-4,S3,Signaling,51,2026-12-28,CURRENT,4.0,4,8000000.0,8000000.0,DERIVED,SIMULATED
S3-4,S3,Signaling,51,2026-12-28,RECOVERY,4.0,4,8000000.0,8000000.0,DERIVED,SIMULATED
S3-4,S3,Signaling,52,2027-01-04,BASELINE,4.0,4,8000000.0,8000000.0,DERIVED,SIMULATED
S3-4,S3,Signaling,52,2027-01-04,CURRENT,4.0,4,8000000.0,8000000.0,DERIVED,SIMULATED
S3-4,S3,Signaling,52,2027-01-04,RECOVERY,4.0,4,8000000.0,8000000.0,DERIVED,SIMULATED
S3-4,S3,Signaling,53,2027-01-11,BASELINE,4.0,4,8000000.0,8000000.0,DERIVED,SIMULATED
S3-4,S3,Signaling,53,2027-01-11,CURRENT,4.0,4,8000000.0,8000000.0,DERIVED,SIMULATED
S3-4,S3,Signaling,53,2027-01-11,RECOVERY,4.0,4,8000000.0,8000000.0,DERIVED,SIMULATED
S3-4,S3,Signaling,54,2027-01-18,BASELINE,4.0,4,8000000.0,8000000.0,DERIVED,SIMULATED
S3-4,S3,Signaling,54,2027-01-18,CURRENT,4.0,4,8000000.0,8000000.0,DERIVED,SIMULATED
S3-4,S3,Signaling,54,2027-01-18,RECOVERY,4.0,4,8000000.0,8000000.0,DERIVED,SIMULATED
S3-4,S3,Signaling,55,2027-01-25,BASELINE,4.0,4,8000000.0,8000000.0,DERIVED,SIMULATED
S3-4,S3,Signaling,55,2027-01-25,CURRENT,4.0,4,8000000.0,8000000.0,DERIVED,SIMULATED
S3-4,S3,Signaling,55,2027-01-25,RECOVERY,4.0,4,8000000.0,8000000.0,DERIVED,SIMULATED
S3-4,S3,Signaling,56,2027-02-01,BASELINE,4.0,4,8000000.0,8000000.0,DERIVED,SIMULATED
S3-4,S3,Signaling,56,2027-02-01,CURRENT,4.0,4,8000000.0,8000000.0,DERIVED,SIMULATED
S3-4,S3,Signaling,56,2027-02-01,RECOVERY,4.0,4,8000000.0,8000000.0,DERIVED,SIMULATED
S3-4,S3,Signaling,57,2027-02-08,BASELINE,4.0,4,8000000.0,8000000.0,DERIVED,SIMULATED
S3-4,S3,Signaling,57,2027-02-08,CURRENT,4.0,4,8000000.0,8000000.0,DERIVED,SIMULATED
S3-4,S3,Signaling,57,2027-02-08,RECOVERY,4.0,4,8000000.0,8000000.0,DERIVED,SIMULATED
S3-4,S3,Signaling,58,2027-02-15,BASELINE,4.0,4,8000000.0,8000000.0,DERIVED,SIMULATED
S3-4,S3,Signaling,58,2027-02-15,CURRENT,4.0,4,8000000.0,8000000.0,DERIVED,SIMULATED
S3-4,S3,Signaling,58,2027-02-15,RECOVERY,4.0,4,8000000.0,8000000.0,DERIVED,SIMULATED
S3-4,S3,Signaling,59,2027-02-22,BASELINE,4.0,4,8000000.0,8000000.0,DERIVED,SIMULATED
S3-4,S3,Signaling,59,2027-02-22,CURRENT,4.0,4,8000000.0,8000000.0,DERIVED,SIMULATED
S3-4,S3,Signaling,59,2027-02-22,RECOVERY,4.0,4,8000000.0,8000000.0,DERIVED,SIMULATED
S3-4,S3,Signaling,60,2027-03-01,BASELINE,4.0,4,8000000.0,8000000.0,DERIVED,SIMULATED
S3-4,S3,Signaling,60,2027-03-01,CURRENT,4.0,4,8000000.0,8000000.0,DERIVED,SIMULATED
S3-4,S3,Signaling,60,2027-03-01,RECOVERY,4.0,4,8000000.0,8000000.0,DERIVED,SIMULATED
S3-4,S3,Signaling,61,2027-03-08,BASELINE,4.0,4,8000000.0,8000000.0,DERIVED,SIMULATED
S3-4,S3,Signaling,61,2027-03-08,CURRENT,4.0,4,8000000.0,8000000.0,DERIVED,SIMULATED
S3-4,S3,Signaling,61,2027-03-08,RECOVERY,4.0,4,8000000.0,8000000.0,DERIVED,SIMULATED
S3-4,S3,Signaling,62,2027-03-15,BASELINE,4.0,4,8000000.0,8000000.0,DERIVED,SIMULATED
S3-4,S3,Signaling,62,2027-03-15,CURRENT,4.0,4,8000000.0,8000000.0,DERIVED,SIMULATED
S3-4,S3,Signaling,62,2027-03-15,RECOVERY,4.0,4,8000000.0,8000000.0,DERIVED,SIMULATED
S3-4,S3,Signaling,63,2027-03-22,BASELINE,4.0,4,8000000.0,8000000.0,DERIVED,SIMULATED
S3-4,S3,Signaling,63,2027-03-22,CURRENT,4.0,4,8000000.0,8000000.0,DERIVED,SIMULATED
S3-4,S3,Signaling,63,2027-03-22,RECOVERY,4.0,4,8000000.0,8000000.0,DERIVED,SIMULATED
S3-4,S3,Signaling,64,2027-03-29,BASELINE,4.0,4,8000000.0,8000000.0,DERIVED,SIMULATED
S3-4,S3,Signaling,64,2027-03-29,CURRENT,4.0,4,8000000.0,8000000.0,DERIVED,SIMULATED
S3-4,S3,Signaling,64,2027-03-29,RECOVERY,4.0,4,8000000.0,8000000.0,DERIVED,SIMULATED
S3-4,S3,Signaling,65,2027-04-05,BASELINE,4.0,4,8000000.0,8000000.0,DERIVED,SIMULATED
S3-4,S3,Signaling,65,2027-04-05,CURRENT,4.0,4,8000000.0,8000000.0,DERIVED,SIMULATED
S3-4,S3,Signaling,65,2027-04-05,RECOVERY,4.0,4,8000000.0,8000000.0,DERIVED,SIMULATED
S3-4,S3,Signaling,66,2027-04-12,BASELINE,4.0,4,8000000.0,8000000.0,DERIVED,SIMULATED
S3-4,S3,Signaling,66,2027-04-12,CURRENT,4.0,4,8000000.0,8000000.0,DERIVED,SIMULATED
S3-4,S3,Signaling,66,2027-04-12,RECOVERY,4.0,4,8000000.0,8000000.0,DERIVED,SIMULATED
S3-4,S3,Signaling,67,2027-04-19,BASELINE,4.0,4,8000000.0,8000000.0,DERIVED,SIMULATED
S3-4,S3,Signaling,67,2027-04-19,CURRENT,4.0,4,8000000.0,8000000.0,DERIVED,SIMULATED
S3-4,S3,Signaling,67,2027-04-19,RECOVERY,4.0,4,8000000.0,8000000.0,DERIVED,SIMULATED
S3-4,S3,Signaling,68,2027-04-26,BASELINE,4.0,4,8000000.0,8000000.0,DERIVED,SIMULATED
S3-4,S3,Signaling,68,2027-04-26,CURRENT,4.0,4,8000000.0,8000000.0,DERIVED,SIMULATED
S3-4,S3,Signaling,68,2027-04-26,RECOVERY,4.0,4,8000000.0,8000000.0,DERIVED,SIMULATED
S3-4,S3,Signaling,69,2027-05-03,BASELINE,4.0,4,8000000.0,8000000.0,DERIVED,SIMULATED
S3-4,S3,Signaling,69,2027-05-03,CURRENT,4.0,4,8000000.0,8000000.0,DERIVED,SIMULATED
S3-4,S3,Signaling,69,2027-05-03,RECOVERY,4.0,4,8000000.0,8000000.0,DERIVED,SIMULATED
S3-4,S3,Signaling,70,2027-05-10,BASELINE,4.0,4,8000000.0,8000000.0,DERIVED,SIMULATED
S3-4,S3,Signaling,70,2027-05-10,CURRENT,4.0,4,8000000.0,8000000.0,DERIVED,SIMULATED
S3-4,S3,Signaling,70,2027-05-10,RECOVERY,4.0,4,8000000.0,8000000.0,DERIVED,SIMULATED
S3-4,S3,Signaling,71,2027-05-17,BASELINE,4.0,4,8000000.0,8000000.0,DERIVED,SIMULATED
S3-4,S3,Signaling,71,2027-05-17,CURRENT,4.0,4,8000000.0,8000000.0,DERIVED,SIMULATED
S3-4,S3,Signaling,71,2027-05-17,RECOVERY,4.0,4,8000000.0,8000000.0,DERIVED,SIMULATED
S3-4,S3,Signaling,72,2027-05-24,BASELINE,4.0,4,8000000.0,8000000.0,DERIVED,SIMULATED
S3-4,S3,Signaling,72,2027-05-24,CURRENT,4.0,4,8000000.0,8000000.0,DERIVED,SIMULATED
S3-4,S3,Signaling,72,2027-05-24,RECOVERY,4.0,4,8000000.0,8000000.0,DERIVED,SIMULATED
S3-4,S3,Signaling,73,2027-05-31,BASELINE,4.0,4,8000000.0,8000000.0,DERIVED,SIMULATED
S3-4,S3,Signaling,73,2027-05-31,CURRENT,4.0,4,8000000.0,8000000.0,DERIVED,SIMULATED
S3-4,S3,Signaling,73,2027-05-31,RECOVERY,4.0,4,8000000.0,8000000.0,DERIVED,SIMULATED
S3-4,S3,Signaling,74,2027-06-07,BASELINE,4.0,4,8000000.0,8000000.0,DERIVED,SIMULATED
S3-4,S3,Signaling,74,2027-06-07,CURRENT,4.0,4,8000000.0,8000000.0,DERIVED,SIMULATED
S3-4,S3,Signaling,74,2027-06-07,RECOVERY,4.0,4,8000000.0,8000000.0,DERIVED,SIMULATED
S3-4,S3,Signaling,75,2027-06-14,BASELINE,4.0,4,8000000.0,8000000.0,DERIVED,SIMULATED
S3-4,S3,Signaling,75,2027-06-14,CURRENT,4.0,4,8000000.0,8000000.0,DERIVED,SIMULATED
S3-4,S3,Signaling,75,2027-06-14,RECOVERY,4.0,4,8000000.0,8000000.0,DERIVED,SIMULATED
S3-4,S3,Signaling,76,2027-06-21,BASELINE,4.0,4,8000000.0,8000000.0,DERIVED,SIMULATED
S3-4,S3,Signaling,76,2027-06-21,CURRENT,4.0,4,8000000.0,8000000.0,DERIVED,SIMULATED
S3-4,S3,Signaling,76,2027-06-21,RECOVERY,4.0,4,8000000.0,8000000.0,DERIVED,SIMULATED
S3-4,S3,Signaling,77,2027-06-28,BASELINE,4.0,4,8000000.0,8000000.0,DERIVED,SIMULATED
S3-4,S3,Signaling,77,2027-06-28,CURRENT,4.0,4,8000000.0,8000000.0,DERIVED,SIMULATED
S3-4,S3,Signaling,77,2027-06-28,RECOVERY,4.0,4,8000000.0,8000000.0,DERIVED,SIMULATED
S3-4,S3,Signaling,78,2027-07-05,BASELINE,4.0,4,8000000.0,8000000.0,DERIVED,SIMULATED
S3-4,S3,Signaling,78,2027-07-05,CURRENT,4.0,4,8000000.0,8000000.0,DERIVED,SIMULATED
S3-4,S3,Signaling,78,2027-07-05,RECOVERY,4.0,4,8000000.0,8000000.0,DERIVED,SIMULATED
S3-4,S3,Signaling,79,2027-07-12,BASELINE,4.0,4,8000000.0,8000000.0,DERIVED,SIMULATED
S3-4,S3,Signaling,79,2027-07-12,CURRENT,4.0,4,8000000.0,8000000.0,DERIVED,SIMULATED
S3-4,S3,Signaling,79,2027-07-12,RECOVERY,4.0,4,8000000.0,8000000.0,DERIVED,SIMULATED
S3-4,S3,Signaling,80,2027-07-19,BASELINE,4.0,4,8000000.0,8000000.0,DERIVED,SIMULATED
S3-4,S3,Signaling,80,2027-07-19,CURRENT,4.0,4,8000000.0,8000000.0,DERIVED,SIMULATED
S3-4,S3,Signaling,80,2027-07-19,RECOVERY,4.0,4,8000000.0,8000000.0,DERIVED,SIMULATED
S3-4,S3,Signaling,81,2027-07-26,BASELINE,4.0,4,8000000.0,8000000.0,DERIVED,SIMULATED
S3-4,S3,Signaling,81,2027-07-26,CURRENT,4.0,4,8000000.0,8000000.0,DERIVED,SIMULATED
S3-4,S3,Signaling,81,2027-07-26,RECOVERY,4.0,4,8000000.0,8000000.0,DERIVED,SIMULATED
S3-4,S3,Signaling,82,2027-08-02,BASELINE,4.0,4,8000000.0,8000000.0,DERIVED,SIMULATED
S3-4,S3,Signaling,82,2027-08-02,CURRENT,4.0,4,8000000.0,8000000.0,DERIVED,SIMULATED
S3-4,S3,Signaling,82,2027-08-02,RECOVERY,4.0,4,8000000.0,8000000.0,DERIVED,SIMULATED
S4-1,S4,Track,30,2026-08-03,BASELINE,10.5,14,22400000.0,16800000.0,DERIVED,SIMULATED
S4-1,S4,Track,30,2026-08-03,CURRENT,9.574194347355474,14,22400000.0,15318710.95576876,DERIVED,SIMULATED
S4-1,S4,Track,30,2026-08-03,RECOVERY,9.574194347355474,14,22400000.0,15318710.95576876,DERIVED,SIMULATED
S4-1,S4,Track,31,2026-08-10,BASELINE,10.85,14,22400000.0,17360000.0,DERIVED,SIMULATED
S4-1,S4,Track,31,2026-08-10,CURRENT,9.888512501490608,14,22400000.0,15821620.002384972,DERIVED,SIMULATED
S4-1,S4,Track,31,2026-08-10,RECOVERY,9.96709204002439,14,22400000.0,15947347.264039025,DERIVED,SIMULATED
S4-1,S4,Track,32,2026-08-17,BASELINE,11.200000000000001,14,22400000.0,17920000.000000004,DERIVED,SIMULATED
S4-1,S4,Track,32,2026-08-17,CURRENT,10.202830655625739,14,22400000.0,16324529.049001183,DERIVED,SIMULATED
S4-1,S4,Track,32,2026-08-17,RECOVERY,10.359989732693306,14,22400000.0,16575983.57230929,DERIVED,SIMULATED
S4-1,S4,Track,33,2026-08-24,BASELINE,11.549999999999999,14,22400000.0,18479999.999999996,DERIVED,SIMULATED
S4-1,S4,Track,33,2026-08-24,CURRENT,10.517148809760872,14,22400000.0,16827438.095617395,DERIVED,SIMULATED
S4-1,S4,Track,33,2026-08-24,RECOVERY,10.752887425362221,14,22400000.0,17204619.880579554,DERIVED,SIMULATED
S4-1,S4,Track,34,2026-08-31,BASELINE,11.9,14,22400000.0,19040000.0,DERIVED,SIMULATED
S4-1,S4,Track,34,2026-08-31,CURRENT,10.831466963896005,14,22400000.0,17330347.142233606,DERIVED,SIMULATED
S4-1,S4,Track,34,2026-08-31,RECOVERY,11.145785118031139,14,22400000.0,17833256.18884982,DERIVED,SIMULATED
S4-1,S4,Track,35,2026-09-07,BASELINE,12.25,14,22400000.0,19600000.0,DERIVED,SIMULATED
S4-1,S4,Track,35,2026-09-07,CURRENT,11.145785118031139,14,22400000.0,17833256.18884982,DERIVED,SIMULATED
S4-1,S4,Track,35,2026-09-07,RECOVERY,11.538682810700054,14,22400000.0,18461892.497120086,DERIVED,SIMULATED
S4-1,S4,Track,36,2026-09-14,BASELINE,12.6,14,22400000.0,20160000.0,DERIVED,SIMULATED
S4-1,S4,Track,36,2026-09-14,CURRENT,11.460103272166272,14,22400000.0,18336165.235466037,DERIVED,SIMULATED
S4-1,S4,Track,36,2026-09-14,RECOVERY,11.93158050336897,14,22400000.0,19090528.80539035,DERIVED,SIMULATED
S4-1,S4,Track,37,2026-09-21,BASELINE,12.950000000000001,14,22400000.0,20720000.0,DERIVED,SIMULATED
S4-1,S4,Track,37,2026-09-21,CURRENT,11.774421426301403,14,22400000.0,18839074.282082245,DERIVED,SIMULATED
S4-1,S4,Track,37,2026-09-21,RECOVERY,12.324478196037886,14,22400000.0,19719165.113660615,DERIVED,SIMULATED
S4-1,S4,Track,38,2026-09-28,BASELINE,13.299999999999999,14,22400000.0,21280000.0,DERIVED,SIMULATED
S4-1,S4,Track,38,2026-09-28,CURRENT,12.088739580436537,14,22400000.0,19341983.32869846,DERIVED,SIMULATED
S4-1,S4,Track,38,2026-09-28,RECOVERY,12.717375888706801,14,22400000.0,20347801.421930883,DERIVED,SIMULATED
S4-1,S4,Track,39,2026-10-05,BASELINE,13.65,14,22400000.0,21840000.0,DERIVED,SIMULATED
S4-1,S4,Track,39,2026-10-05,CURRENT,12.40305773457167,14,22400000.0,19844892.37531467,DERIVED,SIMULATED
S4-1,S4,Track,39,2026-10-05,RECOVERY,13.110273581375719,14,22400000.0,20976437.73020115,DERIVED,SIMULATED
S4-1,S4,Track,40,2026-10-12,BASELINE,14.0,14,22400000.0,22400000.0,DERIVED,SIMULATED
S4-1,S4,Track,40,2026-10-12,CURRENT,12.717375888706801,14,22400000.0,20347801.421930883,DERIVED,SIMULATED
S4-1,S4,Track,40,2026-10-12,RECOVERY,13.503171274044634,14,22400000.0,21605074.038471412,DERIVED,SIMULATED
S4-1,S4,Track,41,2026-10-19,BASELINE,14.0,14,22400000.0,22400000.0,DERIVED,SIMULATED
S4-1,S4,Track,41,2026-10-19,CURRENT,13.031694042841934,14,22400000.0,20850710.468547095,DERIVED,SIMULATED
S4-1,S4,Track,41,2026-10-19,RECOVERY,13.89606896671355,14,22400000.0,22233710.34674168,DERIVED,SIMULATED
S4-1,S4,Track,42,2026-10-26,BASELINE,14.0,14,22400000.0,22400000.0,DERIVED,SIMULATED
S4-1,S4,Track,42,2026-10-26,CURRENT,13.346012196977068,14,22400000.0,21353619.515163306,DERIVED,SIMULATED
S4-1,S4,Track,42,2026-10-26,RECOVERY,14.0,14,22400000.0,22400000.0,DERIVED,SIMULATED
S4-1,S4,Track,43,2026-11-02,BASELINE,14.0,14,22400000.0,22400000.0,DERIVED,SIMULATED
S4-1,S4,Track,43,2026-11-02,CURRENT,13.6603303511122,14,22400000.0,21856528.56177952,DERIVED,SIMULATED
S4-1,S4,Track,43,2026-11-02,RECOVERY,14.0,14,22400000.0,22400000.0,DERIVED,SIMULATED
S4-1,S4,Track,44,2026-11-09,BASELINE,14.0,14,22400000.0,22400000.0,DERIVED,SIMULATED
S4-1,S4,Track,44,2026-11-09,CURRENT,13.974648505247334,14,22400000.0,22359437.608395733,DERIVED,SIMULATED
S4-1,S4,Track,44,2026-11-09,RECOVERY,14.0,14,22400000.0,22400000.0,DERIVED,SIMULATED
S4-1,S4,Track,45,2026-11-16,BASELINE,14.0,14,22400000.0,22400000.0,DERIVED,SIMULATED
S4-1,S4,Track,45,2026-11-16,CURRENT,14.0,14,22400000.0,22400000.0,DERIVED,SIMULATED
S4-1,S4,Track,45,2026-11-16,RECOVERY,14.0,14,22400000.0,22400000.0,DERIVED,SIMULATED
S4-1,S4,Track,46,2026-11-23,BASELINE,14.0,14,22400000.0,22400000.0,DERIVED,SIMULATED
S4-1,S4,Track,46,2026-11-23,CURRENT,14.0,14,22400000.0,22400000.0,DERIVED,SIMULATED
S4-1,S4,Track,46,2026-11-23,RECOVERY,14.0,14,22400000.0,22400000.0,DERIVED,SIMULATED
S4-1,S4,Track,47,2026-11-30,BASELINE,14.0,14,22400000.0,22400000.0,DERIVED,SIMULATED
S4-1,S4,Track,47,2026-11-30,CURRENT,14.0,14,22400000.0,22400000.0,DERIVED,SIMULATED
S4-1,S4,Track,47,2026-11-30,RECOVERY,14.0,14,22400000.0,22400000.0,DERIVED,SIMULATED
S4-1,S4,Track,48,2026-12-07,BASELINE,14.0,14,22400000.0,22400000.0,DERIVED,SIMULATED
S4-1,S4,Track,48,2026-12-07,CURRENT,14.0,14,22400000.0,22400000.0,DERIVED,SIMULATED
S4-1,S4,Track,48,2026-12-07,RECOVERY,14.0,14,22400000.0,22400000.0,DERIVED,SIMULATED
S4-1,S4,Track,49,2026-12-14,BASELINE,14.0,14,22400000.0,22400000.0,DERIVED,SIMULATED
S4-1,S4,Track,49,2026-12-14,CURRENT,14.0,14,22400000.0,22400000.0,DERIVED,SIMULATED
S4-1,S4,Track,49,2026-12-14,RECOVERY,14.0,14,22400000.0,22400000.0,DERIVED,SIMULATED
S4-1,S4,Track,50,2026-12-21,BASELINE,14.0,14,22400000.0,22400000.0,DERIVED,SIMULATED
S4-1,S4,Track,50,2026-12-21,CURRENT,14.0,14,22400000.0,22400000.0,DERIVED,SIMULATED
S4-1,S4,Track,50,2026-12-21,RECOVERY,14.0,14,22400000.0,22400000.0,DERIVED,SIMULATED
S4-1,S4,Track,51,2026-12-28,BASELINE,14.0,14,22400000.0,22400000.0,DERIVED,SIMULATED
S4-1,S4,Track,51,2026-12-28,CURRENT,14.0,14,22400000.0,22400000.0,DERIVED,SIMULATED
S4-1,S4,Track,51,2026-12-28,RECOVERY,14.0,14,22400000.0,22400000.0,DERIVED,SIMULATED
S4-1,S4,Track,52,2027-01-04,BASELINE,14.0,14,22400000.0,22400000.0,DERIVED,SIMULATED
S4-1,S4,Track,52,2027-01-04,CURRENT,14.0,14,22400000.0,22400000.0,DERIVED,SIMULATED
S4-1,S4,Track,52,2027-01-04,RECOVERY,14.0,14,22400000.0,22400000.0,DERIVED,SIMULATED
S4-1,S4,Track,53,2027-01-11,BASELINE,14.0,14,22400000.0,22400000.0,DERIVED,SIMULATED
S4-1,S4,Track,53,2027-01-11,CURRENT,14.0,14,22400000.0,22400000.0,DERIVED,SIMULATED
S4-1,S4,Track,53,2027-01-11,RECOVERY,14.0,14,22400000.0,22400000.0,DERIVED,SIMULATED
S4-1,S4,Track,54,2027-01-18,BASELINE,14.0,14,22400000.0,22400000.0,DERIVED,SIMULATED
S4-1,S4,Track,54,2027-01-18,CURRENT,14.0,14,22400000.0,22400000.0,DERIVED,SIMULATED
S4-1,S4,Track,54,2027-01-18,RECOVERY,14.0,14,22400000.0,22400000.0,DERIVED,SIMULATED
S4-1,S4,Track,55,2027-01-25,BASELINE,14.0,14,22400000.0,22400000.0,DERIVED,SIMULATED
S4-1,S4,Track,55,2027-01-25,CURRENT,14.0,14,22400000.0,22400000.0,DERIVED,SIMULATED
S4-1,S4,Track,55,2027-01-25,RECOVERY,14.0,14,22400000.0,22400000.0,DERIVED,SIMULATED
S4-1,S4,Track,56,2027-02-01,BASELINE,14.0,14,22400000.0,22400000.0,DERIVED,SIMULATED
S4-1,S4,Track,56,2027-02-01,CURRENT,14.0,14,22400000.0,22400000.0,DERIVED,SIMULATED
S4-1,S4,Track,56,2027-02-01,RECOVERY,14.0,14,22400000.0,22400000.0,DERIVED,SIMULATED
S4-1,S4,Track,57,2027-02-08,BASELINE,14.0,14,22400000.0,22400000.0,DERIVED,SIMULATED
S4-1,S4,Track,57,2027-02-08,CURRENT,14.0,14,22400000.0,22400000.0,DERIVED,SIMULATED
S4-1,S4,Track,57,2027-02-08,RECOVERY,14.0,14,22400000.0,22400000.0,DERIVED,SIMULATED
S4-1,S4,Track,58,2027-02-15,BASELINE,14.0,14,22400000.0,22400000.0,DERIVED,SIMULATED
S4-1,S4,Track,58,2027-02-15,CURRENT,14.0,14,22400000.0,22400000.0,DERIVED,SIMULATED
S4-1,S4,Track,58,2027-02-15,RECOVERY,14.0,14,22400000.0,22400000.0,DERIVED,SIMULATED
S4-1,S4,Track,59,2027-02-22,BASELINE,14.0,14,22400000.0,22400000.0,DERIVED,SIMULATED
S4-1,S4,Track,59,2027-02-22,CURRENT,14.0,14,22400000.0,22400000.0,DERIVED,SIMULATED
S4-1,S4,Track,59,2027-02-22,RECOVERY,14.0,14,22400000.0,22400000.0,DERIVED,SIMULATED
S4-1,S4,Track,60,2027-03-01,BASELINE,14.0,14,22400000.0,22400000.0,DERIVED,SIMULATED
S4-1,S4,Track,60,2027-03-01,CURRENT,14.0,14,22400000.0,22400000.0,DERIVED,SIMULATED
S4-1,S4,Track,60,2027-03-01,RECOVERY,14.0,14,22400000.0,22400000.0,DERIVED,SIMULATED
S4-1,S4,Track,61,2027-03-08,BASELINE,14.0,14,22400000.0,22400000.0,DERIVED,SIMULATED
S4-1,S4,Track,61,2027-03-08,CURRENT,14.0,14,22400000.0,22400000.0,DERIVED,SIMULATED
S4-1,S4,Track,61,2027-03-08,RECOVERY,14.0,14,22400000.0,22400000.0,DERIVED,SIMULATED
S4-1,S4,Track,62,2027-03-15,BASELINE,14.0,14,22400000.0,22400000.0,DERIVED,SIMULATED
S4-1,S4,Track,62,2027-03-15,CURRENT,14.0,14,22400000.0,22400000.0,DERIVED,SIMULATED
S4-1,S4,Track,62,2027-03-15,RECOVERY,14.0,14,22400000.0,22400000.0,DERIVED,SIMULATED
S4-1,S4,Track,63,2027-03-22,BASELINE,14.0,14,22400000.0,22400000.0,DERIVED,SIMULATED
S4-1,S4,Track,63,2027-03-22,CURRENT,14.0,14,22400000.0,22400000.0,DERIVED,SIMULATED
S4-1,S4,Track,63,2027-03-22,RECOVERY,14.0,14,22400000.0,22400000.0,DERIVED,SIMULATED
S4-1,S4,Track,64,2027-03-29,BASELINE,14.0,14,22400000.0,22400000.0,DERIVED,SIMULATED
S4-1,S4,Track,64,2027-03-29,CURRENT,14.0,14,22400000.0,22400000.0,DERIVED,SIMULATED
S4-1,S4,Track,64,2027-03-29,RECOVERY,14.0,14,22400000.0,22400000.0,DERIVED,SIMULATED
S4-1,S4,Track,65,2027-04-05,BASELINE,14.0,14,22400000.0,22400000.0,DERIVED,SIMULATED
S4-1,S4,Track,65,2027-04-05,CURRENT,14.0,14,22400000.0,22400000.0,DERIVED,SIMULATED
S4-1,S4,Track,65,2027-04-05,RECOVERY,14.0,14,22400000.0,22400000.0,DERIVED,SIMULATED
S4-1,S4,Track,66,2027-04-12,BASELINE,14.0,14,22400000.0,22400000.0,DERIVED,SIMULATED
S4-1,S4,Track,66,2027-04-12,CURRENT,14.0,14,22400000.0,22400000.0,DERIVED,SIMULATED
S4-1,S4,Track,66,2027-04-12,RECOVERY,14.0,14,22400000.0,22400000.0,DERIVED,SIMULATED
S4-1,S4,Track,67,2027-04-19,BASELINE,14.0,14,22400000.0,22400000.0,DERIVED,SIMULATED
S4-1,S4,Track,67,2027-04-19,CURRENT,14.0,14,22400000.0,22400000.0,DERIVED,SIMULATED
S4-1,S4,Track,67,2027-04-19,RECOVERY,14.0,14,22400000.0,22400000.0,DERIVED,SIMULATED
S4-1,S4,Track,68,2027-04-26,BASELINE,14.0,14,22400000.0,22400000.0,DERIVED,SIMULATED
S4-1,S4,Track,68,2027-04-26,CURRENT,14.0,14,22400000.0,22400000.0,DERIVED,SIMULATED
S4-1,S4,Track,68,2027-04-26,RECOVERY,14.0,14,22400000.0,22400000.0,DERIVED,SIMULATED
S4-1,S4,Track,69,2027-05-03,BASELINE,14.0,14,22400000.0,22400000.0,DERIVED,SIMULATED
S4-1,S4,Track,69,2027-05-03,CURRENT,14.0,14,22400000.0,22400000.0,DERIVED,SIMULATED
S4-1,S4,Track,69,2027-05-03,RECOVERY,14.0,14,22400000.0,22400000.0,DERIVED,SIMULATED
S4-1,S4,Track,70,2027-05-10,BASELINE,14.0,14,22400000.0,22400000.0,DERIVED,SIMULATED
S4-1,S4,Track,70,2027-05-10,CURRENT,14.0,14,22400000.0,22400000.0,DERIVED,SIMULATED
S4-1,S4,Track,70,2027-05-10,RECOVERY,14.0,14,22400000.0,22400000.0,DERIVED,SIMULATED
S4-1,S4,Track,71,2027-05-17,BASELINE,14.0,14,22400000.0,22400000.0,DERIVED,SIMULATED
S4-1,S4,Track,71,2027-05-17,CURRENT,14.0,14,22400000.0,22400000.0,DERIVED,SIMULATED
S4-1,S4,Track,71,2027-05-17,RECOVERY,14.0,14,22400000.0,22400000.0,DERIVED,SIMULATED
S4-1,S4,Track,72,2027-05-24,BASELINE,14.0,14,22400000.0,22400000.0,DERIVED,SIMULATED
S4-1,S4,Track,72,2027-05-24,CURRENT,14.0,14,22400000.0,22400000.0,DERIVED,SIMULATED
S4-1,S4,Track,72,2027-05-24,RECOVERY,14.0,14,22400000.0,22400000.0,DERIVED,SIMULATED
S4-1,S4,Track,73,2027-05-31,BASELINE,14.0,14,22400000.0,22400000.0,DERIVED,SIMULATED
S4-1,S4,Track,73,2027-05-31,CURRENT,14.0,14,22400000.0,22400000.0,DERIVED,SIMULATED
S4-1,S4,Track,73,2027-05-31,RECOVERY,14.0,14,22400000.0,22400000.0,DERIVED,SIMULATED
S4-1,S4,Track,74,2027-06-07,BASELINE,14.0,14,22400000.0,22400000.0,DERIVED,SIMULATED
S4-1,S4,Track,74,2027-06-07,CURRENT,14.0,14,22400000.0,22400000.0,DERIVED,SIMULATED
S4-1,S4,Track,74,2027-06-07,RECOVERY,14.0,14,22400000.0,22400000.0,DERIVED,SIMULATED
S4-1,S4,Track,75,2027-06-14,BASELINE,14.0,14,22400000.0,22400000.0,DERIVED,SIMULATED
S4-1,S4,Track,75,2027-06-14,CURRENT,14.0,14,22400000.0,22400000.0,DERIVED,SIMULATED
S4-1,S4,Track,75,2027-06-14,RECOVERY,14.0,14,22400000.0,22400000.0,DERIVED,SIMULATED
S4-1,S4,Track,76,2027-06-21,BASELINE,14.0,14,22400000.0,22400000.0,DERIVED,SIMULATED
S4-1,S4,Track,76,2027-06-21,CURRENT,14.0,14,22400000.0,22400000.0,DERIVED,SIMULATED
S4-1,S4,Track,76,2027-06-21,RECOVERY,14.0,14,22400000.0,22400000.0,DERIVED,SIMULATED
S4-1,S4,Track,77,2027-06-28,BASELINE,14.0,14,22400000.0,22400000.0,DERIVED,SIMULATED
S4-1,S4,Track,77,2027-06-28,CURRENT,14.0,14,22400000.0,22400000.0,DERIVED,SIMULATED
S4-1,S4,Track,77,2027-06-28,RECOVERY,14.0,14,22400000.0,22400000.0,DERIVED,SIMULATED
S4-1,S4,Track,78,2027-07-05,BASELINE,14.0,14,22400000.0,22400000.0,DERIVED,SIMULATED
S4-1,S4,Track,78,2027-07-05,CURRENT,14.0,14,22400000.0,22400000.0,DERIVED,SIMULATED
S4-1,S4,Track,78,2027-07-05,RECOVERY,14.0,14,22400000.0,22400000.0,DERIVED,SIMULATED
S4-1,S4,Track,79,2027-07-12,BASELINE,14.0,14,22400000.0,22400000.0,DERIVED,SIMULATED
S4-1,S4,Track,79,2027-07-12,CURRENT,14.0,14,22400000.0,22400000.0,DERIVED,SIMULATED
S4-1,S4,Track,79,2027-07-12,RECOVERY,14.0,14,22400000.0,22400000.0,DERIVED,SIMULATED
S4-1,S4,Track,80,2027-07-19,BASELINE,14.0,14,22400000.0,22400000.0,DERIVED,SIMULATED
S4-1,S4,Track,80,2027-07-19,CURRENT,14.0,14,22400000.0,22400000.0,DERIVED,SIMULATED
S4-1,S4,Track,80,2027-07-19,RECOVERY,14.0,14,22400000.0,22400000.0,DERIVED,SIMULATED
S4-1,S4,Track,81,2027-07-26,BASELINE,14.0,14,22400000.0,22400000.0,DERIVED,SIMULATED
S4-1,S4,Track,81,2027-07-26,CURRENT,14.0,14,22400000.0,22400000.0,DERIVED,SIMULATED
S4-1,S4,Track,81,2027-07-26,RECOVERY,14.0,14,22400000.0,22400000.0,DERIVED,SIMULATED
S4-1,S4,Track,82,2027-08-02,BASELINE,14.0,14,22400000.0,22400000.0,DERIVED,SIMULATED
S4-1,S4,Track,82,2027-08-02,CURRENT,14.0,14,22400000.0,22400000.0,DERIVED,SIMULATED
S4-1,S4,Track,82,2027-08-02,RECOVERY,14.0,14,22400000.0,22400000.0,DERIVED,SIMULATED
S4-2,S4,Electrification,30,2026-08-03,BASELINE,7.897435897435898,14,15400000.0,8687179.487179488,DERIVED,SIMULATED
S4-2,S4,Electrification,30,2026-08-03,CURRENT,6.928272779942464,14,15400000.0,7621100.057936711,DERIVED,SIMULATED
S4-2,S4,Electrification,30,2026-08-03,RECOVERY,6.928272779942464,14,15400000.0,7621100.057936711,DERIVED,SIMULATED
S4-2,S4,Electrification,31,2026-08-10,BASELINE,8.256410256410257,14,15400000.0,9082051.282051284,DERIVED,SIMULATED
S4-2,S4,Electrification,31,2026-08-10,CURRENT,7.249612433880055,14,15400000.0,7974573.677268061,DERIVED,SIMULATED
S4-2,S4,Electrification,31,2026-08-10,RECOVERY,7.3299473473644525,14,15400000.0,8062942.082100898,DERIVED,SIMULATED
S4-2,S4,Electrification,32,2026-08-17,BASELINE,8.615384615384617,14,15400000.0,9476923.076923078,DERIVED,SIMULATED
S4-2,S4,Electrification,32,2026-08-17,CURRENT,7.570952087817647,14,15400000.0,8328047.296599411,DERIVED,SIMULATED
S4-2,S4,Electrification,32,2026-08-17,RECOVERY,7.731621914786442,14,15400000.0,8504784.106265087,DERIVED,SIMULATED
S4-2,S4,Electrification,33,2026-08-24,BASELINE,8.974358974358974,14,15400000.0,9871794.87179487,DERIVED,SIMULATED
S4-2,S4,Electrification,33,2026-08-24,CURRENT,7.892291741755237,14,15400000.0,8681520.915930761,DERIVED,SIMULATED
S4-2,S4,Electrification,33,2026-08-24,RECOVERY,8.133296482208431,14,15400000.0,8946626.130429273,DERIVED,SIMULATED
S4-2,S4,Electrification,34,2026-08-31,BASELINE,9.333333333333332,14,15400000.0,10266666.666666666,DERIVED,SIMULATED
S4-2,S4,Electrification,34,2026-08-31,CURRENT,8.213631395692829,14,15400000.0,9034994.535262112,DERIVED,SIMULATED
S4-2,S4,Electrification,34,2026-08-31,RECOVERY,8.53497104963042,14,15400000.0,9388468.154593462,DERIVED,SIMULATED
S4-2,S4,Electrification,35,2026-09-07,BASELINE,9.692307692307692,14,15400000.0,10661538.461538462,DERIVED,SIMULATED
S4-2,S4,Electrification,35,2026-09-07,CURRENT,8.53497104963042,14,15400000.0,9388468.154593462,DERIVED,SIMULATED
S4-2,S4,Electrification,35,2026-09-07,RECOVERY,8.936645617052408,14,15400000.0,9830310.178757649,DERIVED,SIMULATED
S4-2,S4,Electrification,36,2026-09-14,BASELINE,10.051282051282051,14,15400000.0,11056410.256410256,DERIVED,SIMULATED
S4-2,S4,Electrification,36,2026-09-14,CURRENT,8.85631070356801,14,15400000.0,9741941.77392481,DERIVED,SIMULATED
S4-2,S4,Electrification,36,2026-09-14,RECOVERY,9.338320184474396,14,15400000.0,10272152.202921836,DERIVED,SIMULATED
S4-2,S4,Electrification,37,2026-09-21,BASELINE,10.41025641025641,14,15400000.0,11451282.051282052,DERIVED,SIMULATED
S4-2,S4,Electrification,37,2026-09-21,CURRENT,9.177650357505602,14,15400000.0,10095415.393256161,DERIVED,SIMULATED
S4-2,S4,Electrification,37,2026-09-21,RECOVERY,9.739994751896386,14,15400000.0,10713994.227086024,DERIVED,SIMULATED
S4-2,S4,Electrification,38,2026-09-28,BASELINE,10.76923076923077,14,15400000.0,11846153.846153846,DERIVED,SIMULATED
S4-2,S4,Electrification,38,2026-09-28,CURRENT,9.498990011443192,14,15400000.0,10448889.012587512,DERIVED,SIMULATED
S4-2,S4,Electrification,38,2026-09-28,RECOVERY,10.141669319318375,14,15400000.0,11155836.251250211,DERIVED,SIMULATED
S4-2,S4,Electrification,39,2026-10-05,BASELINE,11.128205128205128,14,15400000.0,12241025.641025642,DERIVED,SIMULATED
S4-2,S4,Electrification,39,2026-10-05,CURRENT,9.820329665380783,14,15400000.0,10802362.63191886,DERIVED,SIMULATED
S4-2,S4,Electrification,39,2026-10-05,RECOVERY,10.543343886740363,14,15400000.0,11597678.275414398,DERIVED,SIMULATED
S4-2,S4,Electrification,40,2026-10-12,BASELINE,11.487179487179487,14,15400000.0,12635897.435897436,DERIVED,SIMULATED
S4-2,S4,Electrification,40,2026-10-12,CURRENT,10.141669319318375,14,15400000.0,11155836.251250211,DERIVED,SIMULATED
S4-2,S4,Electrification,40,2026-10-12,RECOVERY,10.945018454162351,14,15400000.0,12039520.299578587,DERIVED,SIMULATED
S4-2,S4,Electrification,41,2026-10-19,BASELINE,11.846153846153847,14,15400000.0,13030769.230769232,DERIVED,SIMULATED
S4-2,S4,Electrification,41,2026-10-19,CURRENT,10.463008973255965,14,15400000.0,11509309.870581562,DERIVED,SIMULATED
S4-2,S4,Electrification,41,2026-10-19,RECOVERY,11.34669302158434,14,15400000.0,12481362.323742773,DERIVED,SIMULATED
S4-2,S4,Electrification,42,2026-10-26,BASELINE,12.205128205128204,14,15400000.0,13425641.025641024,DERIVED,SIMULATED
S4-2,S4,Electrification,42,2026-10-26,CURRENT,10.784348627193555,14,15400000.0,11862783.48991291,DERIVED,SIMULATED
S4-2,S4,Electrification,42,2026-10-26,RECOVERY,11.748367589006328,14,15400000.0,12923204.347906962,DERIVED,SIMULATED
S4-2,S4,Electrification,43,2026-11-02,BASELINE,12.564102564102564,14,15400000.0,13820512.82051282,DERIVED,SIMULATED
S4-2,S4,Electrification,43,2026-11-02,CURRENT,11.105688281131147,14,15400000.0,12216257.109244261,DERIVED,SIMULATED
S4-2,S4,Electrification,43,2026-11-02,RECOVERY,12.150042156428318,14,15400000.0,13365046.372071149,DERIVED,SIMULATED
S4-2,S4,Electrification,44,2026-11-09,BASELINE,12.923076923076923,14,15400000.0,14215384.615384614,DERIVED,SIMULATED
S4-2,S4,Electrification,44,2026-11-09,CURRENT,11.427027935068738,14,15400000.0,12569730.728575611,DERIVED,SIMULATED
S4-2,S4,Electrification,44,2026-11-09,RECOVERY,12.551716723850307,14,15400000.0,13806888.396235337,DERIVED,SIMULATED
S4-2,S4,Electrification,45,2026-11-16,BASELINE,13.282051282051281,14,15400000.0,14610256.41025641,DERIVED,SIMULATED
S4-2,S4,Electrification,45,2026-11-16,CURRENT,11.748367589006328,14,15400000.0,12923204.347906962,DERIVED,SIMULATED
S4-2,S4,Electrification,45,2026-11-16,RECOVERY,12.953391291272295,14,15400000.0,14248730.420399526,DERIVED,SIMULATED
S4-2,S4,Electrification,46,2026-11-23,BASELINE,13.64102564102564,14,15400000.0,15005128.205128204,DERIVED,SIMULATED
S4-2,S4,Electrification,46,2026-11-23,CURRENT,12.06970724294392,14,15400000.0,13276677.96723831,DERIVED,SIMULATED
S4-2,S4,Electrification,46,2026-11-23,RECOVERY,13.355065858694285,14,15400000.0,14690572.444563715,DERIVED,SIMULATED
S4-2,S4,Electrification,47,2026-11-30,BASELINE,14.0,14,15400000.0,15400000.0,DERIVED,SIMULATED
S4-2,S4,Electrification,47,2026-11-30,CURRENT,12.391046896881512,14,15400000.0,13630151.586569663,DERIVED,SIMULATED
S4-2,S4,Electrification,47,2026-11-30,RECOVERY,13.756740426116274,14,15400000.0,15132414.468727902,DERIVED,SIMULATED
S4-2,S4,Electrification,48,2026-12-07,BASELINE,14.0,14,15400000.0,15400000.0,DERIVED,SIMULATED
S4-2,S4,Electrification,48,2026-12-07,CURRENT,12.712386550819103,14,15400000.0,13983625.205901014,DERIVED,SIMULATED
S4-2,S4,Electrification,48,2026-12-07,RECOVERY,14.0,14,15400000.0,15400000.0,DERIVED,SIMULATED
S4-2,S4,Electrification,49,2026-12-14,BASELINE,14.0,14,15400000.0,15400000.0,DERIVED,SIMULATED
S4-2,S4,Electrification,49,2026-12-14,CURRENT,13.033726204756693,14,15400000.0,14337098.825232362,DERIVED,SIMULATED
S4-2,S4,Electrification,49,2026-12-14,RECOVERY,14.0,14,15400000.0,15400000.0,DERIVED,SIMULATED
S4-2,S4,Electrification,50,2026-12-21,BASELINE,14.0,14,15400000.0,15400000.0,DERIVED,SIMULATED
S4-2,S4,Electrification,50,2026-12-21,CURRENT,13.355065858694285,14,15400000.0,14690572.444563715,DERIVED,SIMULATED
S4-2,S4,Electrification,50,2026-12-21,RECOVERY,14.0,14,15400000.0,15400000.0,DERIVED,SIMULATED
S4-2,S4,Electrification,51,2026-12-28,BASELINE,14.0,14,15400000.0,15400000.0,DERIVED,SIMULATED
S4-2,S4,Electrification,51,2026-12-28,CURRENT,13.676405512631876,14,15400000.0,15044046.063895063,DERIVED,SIMULATED
S4-2,S4,Electrification,51,2026-12-28,RECOVERY,14.0,14,15400000.0,15400000.0,DERIVED,SIMULATED
S4-2,S4,Electrification,52,2027-01-04,BASELINE,14.0,14,15400000.0,15400000.0,DERIVED,SIMULATED
S4-2,S4,Electrification,52,2027-01-04,CURRENT,13.997745166569466,14,15400000.0,15397519.683226412,DERIVED,SIMULATED
S4-2,S4,Electrification,52,2027-01-04,RECOVERY,14.0,14,15400000.0,15400000.0,DERIVED,SIMULATED
S4-2,S4,Electrification,53,2027-01-11,BASELINE,14.0,14,15400000.0,15400000.0,DERIVED,SIMULATED
S4-2,S4,Electrification,53,2027-01-11,CURRENT,14.0,14,15400000.0,15400000.0,DERIVED,SIMULATED
S4-2,S4,Electrification,53,2027-01-11,RECOVERY,14.0,14,15400000.0,15400000.0,DERIVED,SIMULATED
S4-2,S4,Electrification,54,2027-01-18,BASELINE,14.0,14,15400000.0,15400000.0,DERIVED,SIMULATED
S4-2,S4,Electrification,54,2027-01-18,CURRENT,14.0,14,15400000.0,15400000.0,DERIVED,SIMULATED
S4-2,S4,Electrification,54,2027-01-18,RECOVERY,14.0,14,15400000.0,15400000.0,DERIVED,SIMULATED
S4-2,S4,Electrification,55,2027-01-25,BASELINE,14.0,14,15400000.0,15400000.0,DERIVED,SIMULATED
S4-2,S4,Electrification,55,2027-01-25,CURRENT,14.0,14,15400000.0,15400000.0,DERIVED,SIMULATED
S4-2,S4,Electrification,55,2027-01-25,RECOVERY,14.0,14,15400000.0,15400000.0,DERIVED,SIMULATED
S4-2,S4,Electrification,56,2027-02-01,BASELINE,14.0,14,15400000.0,15400000.0,DERIVED,SIMULATED
S4-2,S4,Electrification,56,2027-02-01,CURRENT,14.0,14,15400000.0,15400000.0,DERIVED,SIMULATED
S4-2,S4,Electrification,56,2027-02-01,RECOVERY,14.0,14,15400000.0,15400000.0,DERIVED,SIMULATED
S4-2,S4,Electrification,57,2027-02-08,BASELINE,14.0,14,15400000.0,15400000.0,DERIVED,SIMULATED
S4-2,S4,Electrification,57,2027-02-08,CURRENT,14.0,14,15400000.0,15400000.0,DERIVED,SIMULATED
S4-2,S4,Electrification,57,2027-02-08,RECOVERY,14.0,14,15400000.0,15400000.0,DERIVED,SIMULATED
S4-2,S4,Electrification,58,2027-02-15,BASELINE,14.0,14,15400000.0,15400000.0,DERIVED,SIMULATED
S4-2,S4,Electrification,58,2027-02-15,CURRENT,14.0,14,15400000.0,15400000.0,DERIVED,SIMULATED
S4-2,S4,Electrification,58,2027-02-15,RECOVERY,14.0,14,15400000.0,15400000.0,DERIVED,SIMULATED
S4-2,S4,Electrification,59,2027-02-22,BASELINE,14.0,14,15400000.0,15400000.0,DERIVED,SIMULATED
S4-2,S4,Electrification,59,2027-02-22,CURRENT,14.0,14,15400000.0,15400000.0,DERIVED,SIMULATED
S4-2,S4,Electrification,59,2027-02-22,RECOVERY,14.0,14,15400000.0,15400000.0,DERIVED,SIMULATED
S4-2,S4,Electrification,60,2027-03-01,BASELINE,14.0,14,15400000.0,15400000.0,DERIVED,SIMULATED
S4-2,S4,Electrification,60,2027-03-01,CURRENT,14.0,14,15400000.0,15400000.0,DERIVED,SIMULATED
S4-2,S4,Electrification,60,2027-03-01,RECOVERY,14.0,14,15400000.0,15400000.0,DERIVED,SIMULATED
S4-2,S4,Electrification,61,2027-03-08,BASELINE,14.0,14,15400000.0,15400000.0,DERIVED,SIMULATED
S4-2,S4,Electrification,61,2027-03-08,CURRENT,14.0,14,15400000.0,15400000.0,DERIVED,SIMULATED
S4-2,S4,Electrification,61,2027-03-08,RECOVERY,14.0,14,15400000.0,15400000.0,DERIVED,SIMULATED
S4-2,S4,Electrification,62,2027-03-15,BASELINE,14.0,14,15400000.0,15400000.0,DERIVED,SIMULATED
S4-2,S4,Electrification,62,2027-03-15,CURRENT,14.0,14,15400000.0,15400000.0,DERIVED,SIMULATED
S4-2,S4,Electrification,62,2027-03-15,RECOVERY,14.0,14,15400000.0,15400000.0,DERIVED,SIMULATED
S4-2,S4,Electrification,63,2027-03-22,BASELINE,14.0,14,15400000.0,15400000.0,DERIVED,SIMULATED
S4-2,S4,Electrification,63,2027-03-22,CURRENT,14.0,14,15400000.0,15400000.0,DERIVED,SIMULATED
S4-2,S4,Electrification,63,2027-03-22,RECOVERY,14.0,14,15400000.0,15400000.0,DERIVED,SIMULATED
S4-2,S4,Electrification,64,2027-03-29,BASELINE,14.0,14,15400000.0,15400000.0,DERIVED,SIMULATED
S4-2,S4,Electrification,64,2027-03-29,CURRENT,14.0,14,15400000.0,15400000.0,DERIVED,SIMULATED
S4-2,S4,Electrification,64,2027-03-29,RECOVERY,14.0,14,15400000.0,15400000.0,DERIVED,SIMULATED
S4-2,S4,Electrification,65,2027-04-05,BASELINE,14.0,14,15400000.0,15400000.0,DERIVED,SIMULATED
S4-2,S4,Electrification,65,2027-04-05,CURRENT,14.0,14,15400000.0,15400000.0,DERIVED,SIMULATED
S4-2,S4,Electrification,65,2027-04-05,RECOVERY,14.0,14,15400000.0,15400000.0,DERIVED,SIMULATED
S4-2,S4,Electrification,66,2027-04-12,BASELINE,14.0,14,15400000.0,15400000.0,DERIVED,SIMULATED
S4-2,S4,Electrification,66,2027-04-12,CURRENT,14.0,14,15400000.0,15400000.0,DERIVED,SIMULATED
S4-2,S4,Electrification,66,2027-04-12,RECOVERY,14.0,14,15400000.0,15400000.0,DERIVED,SIMULATED
S4-2,S4,Electrification,67,2027-04-19,BASELINE,14.0,14,15400000.0,15400000.0,DERIVED,SIMULATED
S4-2,S4,Electrification,67,2027-04-19,CURRENT,14.0,14,15400000.0,15400000.0,DERIVED,SIMULATED
S4-2,S4,Electrification,67,2027-04-19,RECOVERY,14.0,14,15400000.0,15400000.0,DERIVED,SIMULATED
S4-2,S4,Electrification,68,2027-04-26,BASELINE,14.0,14,15400000.0,15400000.0,DERIVED,SIMULATED
S4-2,S4,Electrification,68,2027-04-26,CURRENT,14.0,14,15400000.0,15400000.0,DERIVED,SIMULATED
S4-2,S4,Electrification,68,2027-04-26,RECOVERY,14.0,14,15400000.0,15400000.0,DERIVED,SIMULATED
S4-2,S4,Electrification,69,2027-05-03,BASELINE,14.0,14,15400000.0,15400000.0,DERIVED,SIMULATED
S4-2,S4,Electrification,69,2027-05-03,CURRENT,14.0,14,15400000.0,15400000.0,DERIVED,SIMULATED
S4-2,S4,Electrification,69,2027-05-03,RECOVERY,14.0,14,15400000.0,15400000.0,DERIVED,SIMULATED
S4-2,S4,Electrification,70,2027-05-10,BASELINE,14.0,14,15400000.0,15400000.0,DERIVED,SIMULATED
S4-2,S4,Electrification,70,2027-05-10,CURRENT,14.0,14,15400000.0,15400000.0,DERIVED,SIMULATED
S4-2,S4,Electrification,70,2027-05-10,RECOVERY,14.0,14,15400000.0,15400000.0,DERIVED,SIMULATED
S4-2,S4,Electrification,71,2027-05-17,BASELINE,14.0,14,15400000.0,15400000.0,DERIVED,SIMULATED
S4-2,S4,Electrification,71,2027-05-17,CURRENT,14.0,14,15400000.0,15400000.0,DERIVED,SIMULATED
S4-2,S4,Electrification,71,2027-05-17,RECOVERY,14.0,14,15400000.0,15400000.0,DERIVED,SIMULATED
S4-2,S4,Electrification,72,2027-05-24,BASELINE,14.0,14,15400000.0,15400000.0,DERIVED,SIMULATED
S4-2,S4,Electrification,72,2027-05-24,CURRENT,14.0,14,15400000.0,15400000.0,DERIVED,SIMULATED
S4-2,S4,Electrification,72,2027-05-24,RECOVERY,14.0,14,15400000.0,15400000.0,DERIVED,SIMULATED
S4-2,S4,Electrification,73,2027-05-31,BASELINE,14.0,14,15400000.0,15400000.0,DERIVED,SIMULATED
S4-2,S4,Electrification,73,2027-05-31,CURRENT,14.0,14,15400000.0,15400000.0,DERIVED,SIMULATED
S4-2,S4,Electrification,73,2027-05-31,RECOVERY,14.0,14,15400000.0,15400000.0,DERIVED,SIMULATED
S4-2,S4,Electrification,74,2027-06-07,BASELINE,14.0,14,15400000.0,15400000.0,DERIVED,SIMULATED
S4-2,S4,Electrification,74,2027-06-07,CURRENT,14.0,14,15400000.0,15400000.0,DERIVED,SIMULATED
S4-2,S4,Electrification,74,2027-06-07,RECOVERY,14.0,14,15400000.0,15400000.0,DERIVED,SIMULATED
S4-2,S4,Electrification,75,2027-06-14,BASELINE,14.0,14,15400000.0,15400000.0,DERIVED,SIMULATED
S4-2,S4,Electrification,75,2027-06-14,CURRENT,14.0,14,15400000.0,15400000.0,DERIVED,SIMULATED
S4-2,S4,Electrification,75,2027-06-14,RECOVERY,14.0,14,15400000.0,15400000.0,DERIVED,SIMULATED
S4-2,S4,Electrification,76,2027-06-21,BASELINE,14.0,14,15400000.0,15400000.0,DERIVED,SIMULATED
S4-2,S4,Electrification,76,2027-06-21,CURRENT,14.0,14,15400000.0,15400000.0,DERIVED,SIMULATED
S4-2,S4,Electrification,76,2027-06-21,RECOVERY,14.0,14,15400000.0,15400000.0,DERIVED,SIMULATED
S4-2,S4,Electrification,77,2027-06-28,BASELINE,14.0,14,15400000.0,15400000.0,DERIVED,SIMULATED
S4-2,S4,Electrification,77,2027-06-28,CURRENT,14.0,14,15400000.0,15400000.0,DERIVED,SIMULATED
S4-2,S4,Electrification,77,2027-06-28,RECOVERY,14.0,14,15400000.0,15400000.0,DERIVED,SIMULATED
S4-2,S4,Electrification,78,2027-07-05,BASELINE,14.0,14,15400000.0,15400000.0,DERIVED,SIMULATED
S4-2,S4,Electrification,78,2027-07-05,CURRENT,14.0,14,15400000.0,15400000.0,DERIVED,SIMULATED
S4-2,S4,Electrification,78,2027-07-05,RECOVERY,14.0,14,15400000.0,15400000.0,DERIVED,SIMULATED
S4-2,S4,Electrification,79,2027-07-12,BASELINE,14.0,14,15400000.0,15400000.0,DERIVED,SIMULATED
S4-2,S4,Electrification,79,2027-07-12,CURRENT,14.0,14,15400000.0,15400000.0,DERIVED,SIMULATED
S4-2,S4,Electrification,79,2027-07-12,RECOVERY,14.0,14,15400000.0,15400000.0,DERIVED,SIMULATED
S4-2,S4,Electrification,80,2027-07-19,BASELINE,14.0,14,15400000.0,15400000.0,DERIVED,SIMULATED
S4-2,S4,Electrification,80,2027-07-19,CURRENT,14.0,14,15400000.0,15400000.0,DERIVED,SIMULATED
S4-2,S4,Electrification,80,2027-07-19,RECOVERY,14.0,14,15400000.0,15400000.0,DERIVED,SIMULATED
S4-2,S4,Electrification,81,2027-07-26,BASELINE,14.0,14,15400000.0,15400000.0,DERIVED,SIMULATED
S4-2,S4,Electrification,81,2027-07-26,CURRENT,14.0,14,15400000.0,15400000.0,DERIVED,SIMULATED
S4-2,S4,Electrification,81,2027-07-26,RECOVERY,14.0,14,15400000.0,15400000.0,DERIVED,SIMULATED
S4-2,S4,Electrification,82,2027-08-02,BASELINE,14.0,14,15400000.0,15400000.0,DERIVED,SIMULATED
S4-2,S4,Electrification,82,2027-08-02,CURRENT,14.0,14,15400000.0,15400000.0,DERIVED,SIMULATED
S4-2,S4,Electrification,82,2027-08-02,RECOVERY,14.0,14,15400000.0,15400000.0,DERIVED,SIMULATED
S4-3,S4,Stations,30,2026-08-03,BASELINE,1.3,2,24000000.0,15600000.0,DERIVED,SIMULATED
S4-3,S4,Stations,30,2026-08-03,CURRENT,1.0,2,24000000.0,12000000.0,DERIVED,SIMULATED
S4-3,S4,Stations,30,2026-08-03,RECOVERY,1.0,2,24000000.0,12000000.0,DERIVED,SIMULATED
S4-3,S4,Stations,31,2026-08-10,BASELINE,1.35,2,24000000.0,16200000.000000002,DERIVED,SIMULATED
S4-3,S4,Stations,31,2026-08-10,CURRENT,1.0,2,24000000.0,12000000.0,DERIVED,SIMULATED
S4-3,S4,Stations,31,2026-08-10,RECOVERY,1.0,2,24000000.0,12000000.0,DERIVED,SIMULATED
S4-3,S4,Stations,32,2026-08-17,BASELINE,1.4,2,24000000.0,16800000.0,DERIVED,SIMULATED
S4-3,S4,Stations,32,2026-08-17,CURRENT,1.0,2,24000000.0,12000000.0,DERIVED,SIMULATED
S4-3,S4,Stations,32,2026-08-17,RECOVERY,1.0,2,24000000.0,12000000.0,DERIVED,SIMULATED
S4-3,S4,Stations,33,2026-08-24,BASELINE,1.45,2,24000000.0,17400000.0,DERIVED,SIMULATED
S4-3,S4,Stations,33,2026-08-24,CURRENT,1.0,2,24000000.0,12000000.0,DERIVED,SIMULATED
S4-3,S4,Stations,33,2026-08-24,RECOVERY,1.0,2,24000000.0,12000000.0,DERIVED,SIMULATED
S4-3,S4,Stations,34,2026-08-31,BASELINE,1.5,2,24000000.0,18000000.0,DERIVED,SIMULATED
S4-3,S4,Stations,34,2026-08-31,CURRENT,1.0,2,24000000.0,12000000.0,DERIVED,SIMULATED
S4-3,S4,Stations,34,2026-08-31,RECOVERY,1.0,2,24000000.0,12000000.0,DERIVED,SIMULATED
S4-3,S4,Stations,35,2026-09-07,BASELINE,1.55,2,24000000.0,18600000.0,DERIVED,SIMULATED
S4-3,S4,Stations,35,2026-09-07,CURRENT,1.0,2,24000000.0,12000000.0,DERIVED,SIMULATED
S4-3,S4,Stations,35,2026-09-07,RECOVERY,1.0,2,24000000.0,12000000.0,DERIVED,SIMULATED
S4-3,S4,Stations,36,2026-09-14,BASELINE,1.6,2,24000000.0,19200000.0,DERIVED,SIMULATED
S4-3,S4,Stations,36,2026-09-14,CURRENT,1.0,2,24000000.0,12000000.0,DERIVED,SIMULATED
S4-3,S4,Stations,36,2026-09-14,RECOVERY,1.0,2,24000000.0,12000000.0,DERIVED,SIMULATED
S4-3,S4,Stations,37,2026-09-21,BASELINE,1.65,2,24000000.0,19800000.0,DERIVED,SIMULATED
S4-3,S4,Stations,37,2026-09-21,CURRENT,1.0,2,24000000.0,12000000.0,DERIVED,SIMULATED
S4-3,S4,Stations,37,2026-09-21,RECOVERY,1.0,2,24000000.0,12000000.0,DERIVED,SIMULATED
S4-3,S4,Stations,38,2026-09-28,BASELINE,1.7,2,24000000.0,20400000.0,DERIVED,SIMULATED
S4-3,S4,Stations,38,2026-09-28,CURRENT,1.0,2,24000000.0,12000000.0,DERIVED,SIMULATED
S4-3,S4,Stations,38,2026-09-28,RECOVERY,1.0,2,24000000.0,12000000.0,DERIVED,SIMULATED
S4-3,S4,Stations,39,2026-10-05,BASELINE,1.75,2,24000000.0,21000000.0,DERIVED,SIMULATED
S4-3,S4,Stations,39,2026-10-05,CURRENT,1.0,2,24000000.0,12000000.0,DERIVED,SIMULATED
S4-3,S4,Stations,39,2026-10-05,RECOVERY,1.0,2,24000000.0,12000000.0,DERIVED,SIMULATED
S4-3,S4,Stations,40,2026-10-12,BASELINE,1.8,2,24000000.0,21600000.0,DERIVED,SIMULATED
S4-3,S4,Stations,40,2026-10-12,CURRENT,1.0,2,24000000.0,12000000.0,DERIVED,SIMULATED
S4-3,S4,Stations,40,2026-10-12,RECOVERY,1.0,2,24000000.0,12000000.0,DERIVED,SIMULATED
S4-3,S4,Stations,41,2026-10-19,BASELINE,1.85,2,24000000.0,22200000.0,DERIVED,SIMULATED
S4-3,S4,Stations,41,2026-10-19,CURRENT,1.0,2,24000000.0,12000000.0,DERIVED,SIMULATED
S4-3,S4,Stations,41,2026-10-19,RECOVERY,1.0,2,24000000.0,12000000.0,DERIVED,SIMULATED
S4-3,S4,Stations,42,2026-10-26,BASELINE,1.9,2,24000000.0,22800000.0,DERIVED,SIMULATED
S4-3,S4,Stations,42,2026-10-26,CURRENT,1.0,2,24000000.0,12000000.0,DERIVED,SIMULATED
S4-3,S4,Stations,42,2026-10-26,RECOVERY,1.0,2,24000000.0,12000000.0,DERIVED,SIMULATED
S4-3,S4,Stations,43,2026-11-02,BASELINE,1.95,2,24000000.0,23400000.0,DERIVED,SIMULATED
S4-3,S4,Stations,43,2026-11-02,CURRENT,1.0,2,24000000.0,12000000.0,DERIVED,SIMULATED
S4-3,S4,Stations,43,2026-11-02,RECOVERY,1.0,2,24000000.0,12000000.0,DERIVED,SIMULATED
S4-3,S4,Stations,44,2026-11-09,BASELINE,2.0,2,24000000.0,24000000.0,DERIVED,SIMULATED
S4-3,S4,Stations,44,2026-11-09,CURRENT,1.0,2,24000000.0,12000000.0,DERIVED,SIMULATED
S4-3,S4,Stations,44,2026-11-09,RECOVERY,1.0,2,24000000.0,12000000.0,DERIVED,SIMULATED
S4-3,S4,Stations,45,2026-11-16,BASELINE,2.0,2,24000000.0,24000000.0,DERIVED,SIMULATED
S4-3,S4,Stations,45,2026-11-16,CURRENT,1.0,2,24000000.0,12000000.0,DERIVED,SIMULATED
S4-3,S4,Stations,45,2026-11-16,RECOVERY,1.0,2,24000000.0,12000000.0,DERIVED,SIMULATED
S4-3,S4,Stations,46,2026-11-23,BASELINE,2.0,2,24000000.0,24000000.0,DERIVED,SIMULATED
S4-3,S4,Stations,46,2026-11-23,CURRENT,1.0,2,24000000.0,12000000.0,DERIVED,SIMULATED
S4-3,S4,Stations,46,2026-11-23,RECOVERY,1.0,2,24000000.0,12000000.0,DERIVED,SIMULATED
S4-3,S4,Stations,47,2026-11-30,BASELINE,2.0,2,24000000.0,24000000.0,DERIVED,SIMULATED
S4-3,S4,Stations,47,2026-11-30,CURRENT,1.0,2,24000000.0,12000000.0,DERIVED,SIMULATED
S4-3,S4,Stations,47,2026-11-30,RECOVERY,1.0,2,24000000.0,12000000.0,DERIVED,SIMULATED
S4-3,S4,Stations,48,2026-12-07,BASELINE,2.0,2,24000000.0,24000000.0,DERIVED,SIMULATED
S4-3,S4,Stations,48,2026-12-07,CURRENT,1.0,2,24000000.0,12000000.0,DERIVED,SIMULATED
S4-3,S4,Stations,48,2026-12-07,RECOVERY,1.0,2,24000000.0,12000000.0,DERIVED,SIMULATED
S4-3,S4,Stations,49,2026-12-14,BASELINE,2.0,2,24000000.0,24000000.0,DERIVED,SIMULATED
S4-3,S4,Stations,49,2026-12-14,CURRENT,1.0,2,24000000.0,12000000.0,DERIVED,SIMULATED
S4-3,S4,Stations,49,2026-12-14,RECOVERY,1.0,2,24000000.0,12000000.0,DERIVED,SIMULATED
S4-3,S4,Stations,50,2026-12-21,BASELINE,2.0,2,24000000.0,24000000.0,DERIVED,SIMULATED
S4-3,S4,Stations,50,2026-12-21,CURRENT,1.0,2,24000000.0,12000000.0,DERIVED,SIMULATED
S4-3,S4,Stations,50,2026-12-21,RECOVERY,1.0,2,24000000.0,12000000.0,DERIVED,SIMULATED
S4-3,S4,Stations,51,2026-12-28,BASELINE,2.0,2,24000000.0,24000000.0,DERIVED,SIMULATED
S4-3,S4,Stations,51,2026-12-28,CURRENT,1.0,2,24000000.0,12000000.0,DERIVED,SIMULATED
S4-3,S4,Stations,51,2026-12-28,RECOVERY,1.0,2,24000000.0,12000000.0,DERIVED,SIMULATED
S4-3,S4,Stations,52,2027-01-04,BASELINE,2.0,2,24000000.0,24000000.0,DERIVED,SIMULATED
S4-3,S4,Stations,52,2027-01-04,CURRENT,1.0,2,24000000.0,12000000.0,DERIVED,SIMULATED
S4-3,S4,Stations,52,2027-01-04,RECOVERY,1.0,2,24000000.0,12000000.0,DERIVED,SIMULATED
S4-3,S4,Stations,53,2027-01-11,BASELINE,2.0,2,24000000.0,24000000.0,DERIVED,SIMULATED
S4-3,S4,Stations,53,2027-01-11,CURRENT,1.0,2,24000000.0,12000000.0,DERIVED,SIMULATED
S4-3,S4,Stations,53,2027-01-11,RECOVERY,1.0,2,24000000.0,12000000.0,DERIVED,SIMULATED
S4-3,S4,Stations,54,2027-01-18,BASELINE,2.0,2,24000000.0,24000000.0,DERIVED,SIMULATED
S4-3,S4,Stations,54,2027-01-18,CURRENT,1.0,2,24000000.0,12000000.0,DERIVED,SIMULATED
S4-3,S4,Stations,54,2027-01-18,RECOVERY,1.0,2,24000000.0,12000000.0,DERIVED,SIMULATED
S4-3,S4,Stations,55,2027-01-25,BASELINE,2.0,2,24000000.0,24000000.0,DERIVED,SIMULATED
S4-3,S4,Stations,55,2027-01-25,CURRENT,1.0,2,24000000.0,12000000.0,DERIVED,SIMULATED
S4-3,S4,Stations,55,2027-01-25,RECOVERY,1.0,2,24000000.0,12000000.0,DERIVED,SIMULATED
S4-3,S4,Stations,56,2027-02-01,BASELINE,2.0,2,24000000.0,24000000.0,DERIVED,SIMULATED
S4-3,S4,Stations,56,2027-02-01,CURRENT,1.0,2,24000000.0,12000000.0,DERIVED,SIMULATED
S4-3,S4,Stations,56,2027-02-01,RECOVERY,1.0,2,24000000.0,12000000.0,DERIVED,SIMULATED
S4-3,S4,Stations,57,2027-02-08,BASELINE,2.0,2,24000000.0,24000000.0,DERIVED,SIMULATED
S4-3,S4,Stations,57,2027-02-08,CURRENT,1.0,2,24000000.0,12000000.0,DERIVED,SIMULATED
S4-3,S4,Stations,57,2027-02-08,RECOVERY,1.0,2,24000000.0,12000000.0,DERIVED,SIMULATED
S4-3,S4,Stations,58,2027-02-15,BASELINE,2.0,2,24000000.0,24000000.0,DERIVED,SIMULATED
S4-3,S4,Stations,58,2027-02-15,CURRENT,1.0,2,24000000.0,12000000.0,DERIVED,SIMULATED
S4-3,S4,Stations,58,2027-02-15,RECOVERY,1.0,2,24000000.0,12000000.0,DERIVED,SIMULATED
S4-3,S4,Stations,59,2027-02-22,BASELINE,2.0,2,24000000.0,24000000.0,DERIVED,SIMULATED
S4-3,S4,Stations,59,2027-02-22,CURRENT,1.0,2,24000000.0,12000000.0,DERIVED,SIMULATED
S4-3,S4,Stations,59,2027-02-22,RECOVERY,1.0,2,24000000.0,12000000.0,DERIVED,SIMULATED
S4-3,S4,Stations,60,2027-03-01,BASELINE,2.0,2,24000000.0,24000000.0,DERIVED,SIMULATED
S4-3,S4,Stations,60,2027-03-01,CURRENT,1.0,2,24000000.0,12000000.0,DERIVED,SIMULATED
S4-3,S4,Stations,60,2027-03-01,RECOVERY,1.0,2,24000000.0,12000000.0,DERIVED,SIMULATED
S4-3,S4,Stations,61,2027-03-08,BASELINE,2.0,2,24000000.0,24000000.0,DERIVED,SIMULATED
S4-3,S4,Stations,61,2027-03-08,CURRENT,1.0,2,24000000.0,12000000.0,DERIVED,SIMULATED
S4-3,S4,Stations,61,2027-03-08,RECOVERY,1.0,2,24000000.0,12000000.0,DERIVED,SIMULATED
S4-3,S4,Stations,62,2027-03-15,BASELINE,2.0,2,24000000.0,24000000.0,DERIVED,SIMULATED
S4-3,S4,Stations,62,2027-03-15,CURRENT,1.0,2,24000000.0,12000000.0,DERIVED,SIMULATED
S4-3,S4,Stations,62,2027-03-15,RECOVERY,1.0,2,24000000.0,12000000.0,DERIVED,SIMULATED
S4-3,S4,Stations,63,2027-03-22,BASELINE,2.0,2,24000000.0,24000000.0,DERIVED,SIMULATED
S4-3,S4,Stations,63,2027-03-22,CURRENT,1.0,2,24000000.0,12000000.0,DERIVED,SIMULATED
S4-3,S4,Stations,63,2027-03-22,RECOVERY,1.0,2,24000000.0,12000000.0,DERIVED,SIMULATED
S4-3,S4,Stations,64,2027-03-29,BASELINE,2.0,2,24000000.0,24000000.0,DERIVED,SIMULATED
S4-3,S4,Stations,64,2027-03-29,CURRENT,1.0,2,24000000.0,12000000.0,DERIVED,SIMULATED
S4-3,S4,Stations,64,2027-03-29,RECOVERY,1.0,2,24000000.0,12000000.0,DERIVED,SIMULATED
S4-3,S4,Stations,65,2027-04-05,BASELINE,2.0,2,24000000.0,24000000.0,DERIVED,SIMULATED
S4-3,S4,Stations,65,2027-04-05,CURRENT,1.0,2,24000000.0,12000000.0,DERIVED,SIMULATED
S4-3,S4,Stations,65,2027-04-05,RECOVERY,1.0,2,24000000.0,12000000.0,DERIVED,SIMULATED
S4-3,S4,Stations,66,2027-04-12,BASELINE,2.0,2,24000000.0,24000000.0,DERIVED,SIMULATED
S4-3,S4,Stations,66,2027-04-12,CURRENT,1.0,2,24000000.0,12000000.0,DERIVED,SIMULATED
S4-3,S4,Stations,66,2027-04-12,RECOVERY,1.0,2,24000000.0,12000000.0,DERIVED,SIMULATED
S4-3,S4,Stations,67,2027-04-19,BASELINE,2.0,2,24000000.0,24000000.0,DERIVED,SIMULATED
S4-3,S4,Stations,67,2027-04-19,CURRENT,1.0,2,24000000.0,12000000.0,DERIVED,SIMULATED
S4-3,S4,Stations,67,2027-04-19,RECOVERY,1.0,2,24000000.0,12000000.0,DERIVED,SIMULATED
S4-3,S4,Stations,68,2027-04-26,BASELINE,2.0,2,24000000.0,24000000.0,DERIVED,SIMULATED
S4-3,S4,Stations,68,2027-04-26,CURRENT,1.0,2,24000000.0,12000000.0,DERIVED,SIMULATED
S4-3,S4,Stations,68,2027-04-26,RECOVERY,1.0,2,24000000.0,12000000.0,DERIVED,SIMULATED
S4-3,S4,Stations,69,2027-05-03,BASELINE,2.0,2,24000000.0,24000000.0,DERIVED,SIMULATED
S4-3,S4,Stations,69,2027-05-03,CURRENT,1.0,2,24000000.0,12000000.0,DERIVED,SIMULATED
S4-3,S4,Stations,69,2027-05-03,RECOVERY,1.0,2,24000000.0,12000000.0,DERIVED,SIMULATED
S4-3,S4,Stations,70,2027-05-10,BASELINE,2.0,2,24000000.0,24000000.0,DERIVED,SIMULATED
S4-3,S4,Stations,70,2027-05-10,CURRENT,1.0,2,24000000.0,12000000.0,DERIVED,SIMULATED
S4-3,S4,Stations,70,2027-05-10,RECOVERY,1.0,2,24000000.0,12000000.0,DERIVED,SIMULATED
S4-3,S4,Stations,71,2027-05-17,BASELINE,2.0,2,24000000.0,24000000.0,DERIVED,SIMULATED
S4-3,S4,Stations,71,2027-05-17,CURRENT,1.0,2,24000000.0,12000000.0,DERIVED,SIMULATED
S4-3,S4,Stations,71,2027-05-17,RECOVERY,1.0,2,24000000.0,12000000.0,DERIVED,SIMULATED
S4-3,S4,Stations,72,2027-05-24,BASELINE,2.0,2,24000000.0,24000000.0,DERIVED,SIMULATED
S4-3,S4,Stations,72,2027-05-24,CURRENT,1.0,2,24000000.0,12000000.0,DERIVED,SIMULATED
S4-3,S4,Stations,72,2027-05-24,RECOVERY,1.0,2,24000000.0,12000000.0,DERIVED,SIMULATED
S4-3,S4,Stations,73,2027-05-31,BASELINE,2.0,2,24000000.0,24000000.0,DERIVED,SIMULATED
S4-3,S4,Stations,73,2027-05-31,CURRENT,1.0,2,24000000.0,12000000.0,DERIVED,SIMULATED
S4-3,S4,Stations,73,2027-05-31,RECOVERY,1.0,2,24000000.0,12000000.0,DERIVED,SIMULATED
S4-3,S4,Stations,74,2027-06-07,BASELINE,2.0,2,24000000.0,24000000.0,DERIVED,SIMULATED
S4-3,S4,Stations,74,2027-06-07,CURRENT,1.0,2,24000000.0,12000000.0,DERIVED,SIMULATED
S4-3,S4,Stations,74,2027-06-07,RECOVERY,1.0,2,24000000.0,12000000.0,DERIVED,SIMULATED
S4-3,S4,Stations,75,2027-06-14,BASELINE,2.0,2,24000000.0,24000000.0,DERIVED,SIMULATED
S4-3,S4,Stations,75,2027-06-14,CURRENT,1.0,2,24000000.0,12000000.0,DERIVED,SIMULATED
S4-3,S4,Stations,75,2027-06-14,RECOVERY,1.0,2,24000000.0,12000000.0,DERIVED,SIMULATED
S4-3,S4,Stations,76,2027-06-21,BASELINE,2.0,2,24000000.0,24000000.0,DERIVED,SIMULATED
S4-3,S4,Stations,76,2027-06-21,CURRENT,1.0,2,24000000.0,12000000.0,DERIVED,SIMULATED
S4-3,S4,Stations,76,2027-06-21,RECOVERY,1.0,2,24000000.0,12000000.0,DERIVED,SIMULATED
S4-3,S4,Stations,77,2027-06-28,BASELINE,2.0,2,24000000.0,24000000.0,DERIVED,SIMULATED
S4-3,S4,Stations,77,2027-06-28,CURRENT,1.0,2,24000000.0,12000000.0,DERIVED,SIMULATED
S4-3,S4,Stations,77,2027-06-28,RECOVERY,1.0,2,24000000.0,12000000.0,DERIVED,SIMULATED
S4-3,S4,Stations,78,2027-07-05,BASELINE,2.0,2,24000000.0,24000000.0,DERIVED,SIMULATED
S4-3,S4,Stations,78,2027-07-05,CURRENT,1.0,2,24000000.0,12000000.0,DERIVED,SIMULATED
S4-3,S4,Stations,78,2027-07-05,RECOVERY,1.0,2,24000000.0,12000000.0,DERIVED,SIMULATED
S4-3,S4,Stations,79,2027-07-12,BASELINE,2.0,2,24000000.0,24000000.0,DERIVED,SIMULATED
S4-3,S4,Stations,79,2027-07-12,CURRENT,1.0,2,24000000.0,12000000.0,DERIVED,SIMULATED
S4-3,S4,Stations,79,2027-07-12,RECOVERY,1.0,2,24000000.0,12000000.0,DERIVED,SIMULATED
S4-3,S4,Stations,80,2027-07-19,BASELINE,2.0,2,24000000.0,24000000.0,DERIVED,SIMULATED
S4-3,S4,Stations,80,2027-07-19,CURRENT,1.0,2,24000000.0,12000000.0,DERIVED,SIMULATED
S4-3,S4,Stations,80,2027-07-19,RECOVERY,1.0,2,24000000.0,12000000.0,DERIVED,SIMULATED
S4-3,S4,Stations,81,2027-07-26,BASELINE,2.0,2,24000000.0,24000000.0,DERIVED,SIMULATED
S4-3,S4,Stations,81,2027-07-26,CURRENT,1.0,2,24000000.0,12000000.0,DERIVED,SIMULATED
S4-3,S4,Stations,81,2027-07-26,RECOVERY,1.0,2,24000000.0,12000000.0,DERIVED,SIMULATED
S4-3,S4,Stations,82,2027-08-02,BASELINE,2.0,2,24000000.0,24000000.0,DERIVED,SIMULATED
S4-3,S4,Stations,82,2027-08-02,CURRENT,1.0,2,24000000.0,12000000.0,DERIVED,SIMULATED
S4-3,S4,Stations,82,2027-08-02,RECOVERY,1.0,2,24000000.0,12000000.0,DERIVED,SIMULATED
S4-4,S4,Signaling,30,2026-08-03,BASELINE,1.6216216216216217,4,8000000.0,3243243.2432432435,DERIVED,SIMULATED
S4-4,S4,Signaling,30,2026-08-03,CURRENT,1.0,4,8000000.0,2000000.0,DERIVED,SIMULATED
S4-4,S4,Signaling,30,2026-08-03,RECOVERY,1.0,4,8000000.0,2000000.0,DERIVED,SIMULATED
S4-4,S4,Signaling,31,2026-08-10,BASELINE,1.7297297297297298,4,8000000.0,3459459.45945946,DERIVED,SIMULATED
S4-4,S4,Signaling,31,2026-08-10,CURRENT,1.0,4,8000000.0,2000000.0,DERIVED,SIMULATED
S4-4,S4,Signaling,31,2026-08-10,RECOVERY,1.0,4,8000000.0,2000000.0,DERIVED,SIMULATED
S4-4,S4,Signaling,32,2026-08-17,BASELINE,1.837837837837838,4,8000000.0,3675675.6756756757,DERIVED,SIMULATED
S4-4,S4,Signaling,32,2026-08-17,CURRENT,1.0,4,8000000.0,2000000.0,DERIVED,SIMULATED
S4-4,S4,Signaling,32,2026-08-17,RECOVERY,1.0,4,8000000.0,2000000.0,DERIVED,SIMULATED
S4-4,S4,Signaling,33,2026-08-24,BASELINE,1.945945945945946,4,8000000.0,3891891.891891892,DERIVED,SIMULATED
S4-4,S4,Signaling,33,2026-08-24,CURRENT,1.0,4,8000000.0,2000000.0,DERIVED,SIMULATED
S4-4,S4,Signaling,33,2026-08-24,RECOVERY,1.0,4,8000000.0,2000000.0,DERIVED,SIMULATED
S4-4,S4,Signaling,34,2026-08-31,BASELINE,2.054054054054054,4,8000000.0,4108108.108108108,DERIVED,SIMULATED
S4-4,S4,Signaling,34,2026-08-31,CURRENT,1.0,4,8000000.0,2000000.0,DERIVED,SIMULATED
S4-4,S4,Signaling,34,2026-08-31,RECOVERY,1.0,4,8000000.0,2000000.0,DERIVED,SIMULATED
S4-4,S4,Signaling,35,2026-09-07,BASELINE,2.1621621621621623,4,8000000.0,4324324.324324325,DERIVED,SIMULATED
S4-4,S4,Signaling,35,2026-09-07,CURRENT,1.0,4,8000000.0,2000000.0,DERIVED,SIMULATED
S4-4,S4,Signaling,35,2026-09-07,RECOVERY,1.0,4,8000000.0,2000000.0,DERIVED,SIMULATED
S4-4,S4,Signaling,36,2026-09-14,BASELINE,2.27027027027027,4,8000000.0,4540540.540540541,DERIVED,SIMULATED
S4-4,S4,Signaling,36,2026-09-14,CURRENT,1.0,4,8000000.0,2000000.0,DERIVED,SIMULATED
S4-4,S4,Signaling,36,2026-09-14,RECOVERY,1.0,4,8000000.0,2000000.0,DERIVED,SIMULATED
S4-4,S4,Signaling,37,2026-09-21,BASELINE,2.3783783783783785,4,8000000.0,4756756.756756757,DERIVED,SIMULATED
S4-4,S4,Signaling,37,2026-09-21,CURRENT,1.0,4,8000000.0,2000000.0,DERIVED,SIMULATED
S4-4,S4,Signaling,37,2026-09-21,RECOVERY,1.0,4,8000000.0,2000000.0,DERIVED,SIMULATED
S4-4,S4,Signaling,38,2026-09-28,BASELINE,2.4864864864864864,4,8000000.0,4972972.972972973,DERIVED,SIMULATED
S4-4,S4,Signaling,38,2026-09-28,CURRENT,1.0,4,8000000.0,2000000.0,DERIVED,SIMULATED
S4-4,S4,Signaling,38,2026-09-28,RECOVERY,1.0,4,8000000.0,2000000.0,DERIVED,SIMULATED
S4-4,S4,Signaling,39,2026-10-05,BASELINE,2.5945945945945947,4,8000000.0,5189189.189189189,DERIVED,SIMULATED
S4-4,S4,Signaling,39,2026-10-05,CURRENT,1.0,4,8000000.0,2000000.0,DERIVED,SIMULATED
S4-4,S4,Signaling,39,2026-10-05,RECOVERY,1.0,4,8000000.0,2000000.0,DERIVED,SIMULATED
S4-4,S4,Signaling,40,2026-10-12,BASELINE,2.7027027027027026,4,8000000.0,5405405.405405405,DERIVED,SIMULATED
S4-4,S4,Signaling,40,2026-10-12,CURRENT,1.0,4,8000000.0,2000000.0,DERIVED,SIMULATED
S4-4,S4,Signaling,40,2026-10-12,RECOVERY,1.0,4,8000000.0,2000000.0,DERIVED,SIMULATED
S4-4,S4,Signaling,41,2026-10-19,BASELINE,2.810810810810811,4,8000000.0,5621621.621621622,DERIVED,SIMULATED
S4-4,S4,Signaling,41,2026-10-19,CURRENT,1.0,4,8000000.0,2000000.0,DERIVED,SIMULATED
S4-4,S4,Signaling,41,2026-10-19,RECOVERY,1.0,4,8000000.0,2000000.0,DERIVED,SIMULATED
S4-4,S4,Signaling,42,2026-10-26,BASELINE,2.918918918918919,4,8000000.0,5837837.837837838,DERIVED,SIMULATED
S4-4,S4,Signaling,42,2026-10-26,CURRENT,1.0,4,8000000.0,2000000.0,DERIVED,SIMULATED
S4-4,S4,Signaling,42,2026-10-26,RECOVERY,1.0,4,8000000.0,2000000.0,DERIVED,SIMULATED
S4-4,S4,Signaling,43,2026-11-02,BASELINE,3.027027027027027,4,8000000.0,6054054.054054054,DERIVED,SIMULATED
S4-4,S4,Signaling,43,2026-11-02,CURRENT,1.0,4,8000000.0,2000000.0,DERIVED,SIMULATED
S4-4,S4,Signaling,43,2026-11-02,RECOVERY,1.0,4,8000000.0,2000000.0,DERIVED,SIMULATED
S4-4,S4,Signaling,44,2026-11-09,BASELINE,3.135135135135135,4,8000000.0,6270270.27027027,DERIVED,SIMULATED
S4-4,S4,Signaling,44,2026-11-09,CURRENT,1.0,4,8000000.0,2000000.0,DERIVED,SIMULATED
S4-4,S4,Signaling,44,2026-11-09,RECOVERY,1.0,4,8000000.0,2000000.0,DERIVED,SIMULATED
S4-4,S4,Signaling,45,2026-11-16,BASELINE,3.2432432432432434,4,8000000.0,6486486.486486487,DERIVED,SIMULATED
S4-4,S4,Signaling,45,2026-11-16,CURRENT,1.0,4,8000000.0,2000000.0,DERIVED,SIMULATED
S4-4,S4,Signaling,45,2026-11-16,RECOVERY,1.0,4,8000000.0,2000000.0,DERIVED,SIMULATED
S4-4,S4,Signaling,46,2026-11-23,BASELINE,3.3513513513513513,4,8000000.0,6702702.702702703,DERIVED,SIMULATED
S4-4,S4,Signaling,46,2026-11-23,CURRENT,1.0,4,8000000.0,2000000.0,DERIVED,SIMULATED
S4-4,S4,Signaling,46,2026-11-23,RECOVERY,1.0,4,8000000.0,2000000.0,DERIVED,SIMULATED
S4-4,S4,Signaling,47,2026-11-30,BASELINE,3.4594594594594597,4,8000000.0,6918918.91891892,DERIVED,SIMULATED
S4-4,S4,Signaling,47,2026-11-30,CURRENT,1.0,4,8000000.0,2000000.0,DERIVED,SIMULATED
S4-4,S4,Signaling,47,2026-11-30,RECOVERY,1.0,4,8000000.0,2000000.0,DERIVED,SIMULATED
S4-4,S4,Signaling,48,2026-12-07,BASELINE,3.5675675675675675,4,8000000.0,7135135.135135135,DERIVED,SIMULATED
S4-4,S4,Signaling,48,2026-12-07,CURRENT,1.0,4,8000000.0,2000000.0,DERIVED,SIMULATED
S4-4,S4,Signaling,48,2026-12-07,RECOVERY,1.0,4,8000000.0,2000000.0,DERIVED,SIMULATED
S4-4,S4,Signaling,49,2026-12-14,BASELINE,3.675675675675676,4,8000000.0,7351351.3513513515,DERIVED,SIMULATED
S4-4,S4,Signaling,49,2026-12-14,CURRENT,1.0,4,8000000.0,2000000.0,DERIVED,SIMULATED
S4-4,S4,Signaling,49,2026-12-14,RECOVERY,1.0,4,8000000.0,2000000.0,DERIVED,SIMULATED
S4-4,S4,Signaling,50,2026-12-21,BASELINE,3.7837837837837838,4,8000000.0,7567567.567567567,DERIVED,SIMULATED
S4-4,S4,Signaling,50,2026-12-21,CURRENT,1.0,4,8000000.0,2000000.0,DERIVED,SIMULATED
S4-4,S4,Signaling,50,2026-12-21,RECOVERY,1.0,4,8000000.0,2000000.0,DERIVED,SIMULATED
S4-4,S4,Signaling,51,2026-12-28,BASELINE,3.891891891891892,4,8000000.0,7783783.783783784,DERIVED,SIMULATED
S4-4,S4,Signaling,51,2026-12-28,CURRENT,1.0,4,8000000.0,2000000.0,DERIVED,SIMULATED
S4-4,S4,Signaling,51,2026-12-28,RECOVERY,1.0,4,8000000.0,2000000.0,DERIVED,SIMULATED
S4-4,S4,Signaling,52,2027-01-04,BASELINE,4.0,4,8000000.0,8000000.0,DERIVED,SIMULATED
S4-4,S4,Signaling,52,2027-01-04,CURRENT,1.0,4,8000000.0,2000000.0,DERIVED,SIMULATED
S4-4,S4,Signaling,52,2027-01-04,RECOVERY,1.0,4,8000000.0,2000000.0,DERIVED,SIMULATED
S4-4,S4,Signaling,53,2027-01-11,BASELINE,4.0,4,8000000.0,8000000.0,DERIVED,SIMULATED
S4-4,S4,Signaling,53,2027-01-11,CURRENT,1.0,4,8000000.0,2000000.0,DERIVED,SIMULATED
S4-4,S4,Signaling,53,2027-01-11,RECOVERY,1.0,4,8000000.0,2000000.0,DERIVED,SIMULATED
S4-4,S4,Signaling,54,2027-01-18,BASELINE,4.0,4,8000000.0,8000000.0,DERIVED,SIMULATED
S4-4,S4,Signaling,54,2027-01-18,CURRENT,1.0,4,8000000.0,2000000.0,DERIVED,SIMULATED
S4-4,S4,Signaling,54,2027-01-18,RECOVERY,1.0,4,8000000.0,2000000.0,DERIVED,SIMULATED
S4-4,S4,Signaling,55,2027-01-25,BASELINE,4.0,4,8000000.0,8000000.0,DERIVED,SIMULATED
S4-4,S4,Signaling,55,2027-01-25,CURRENT,1.0,4,8000000.0,2000000.0,DERIVED,SIMULATED
S4-4,S4,Signaling,55,2027-01-25,RECOVERY,1.0,4,8000000.0,2000000.0,DERIVED,SIMULATED
S4-4,S4,Signaling,56,2027-02-01,BASELINE,4.0,4,8000000.0,8000000.0,DERIVED,SIMULATED
S4-4,S4,Signaling,56,2027-02-01,CURRENT,1.0,4,8000000.0,2000000.0,DERIVED,SIMULATED
S4-4,S4,Signaling,56,2027-02-01,RECOVERY,1.0,4,8000000.0,2000000.0,DERIVED,SIMULATED
S4-4,S4,Signaling,57,2027-02-08,BASELINE,4.0,4,8000000.0,8000000.0,DERIVED,SIMULATED
S4-4,S4,Signaling,57,2027-02-08,CURRENT,1.0,4,8000000.0,2000000.0,DERIVED,SIMULATED
S4-4,S4,Signaling,57,2027-02-08,RECOVERY,1.0,4,8000000.0,2000000.0,DERIVED,SIMULATED
S4-4,S4,Signaling,58,2027-02-15,BASELINE,4.0,4,8000000.0,8000000.0,DERIVED,SIMULATED
S4-4,S4,Signaling,58,2027-02-15,CURRENT,1.0,4,8000000.0,2000000.0,DERIVED,SIMULATED
S4-4,S4,Signaling,58,2027-02-15,RECOVERY,1.0,4,8000000.0,2000000.0,DERIVED,SIMULATED
S4-4,S4,Signaling,59,2027-02-22,BASELINE,4.0,4,8000000.0,8000000.0,DERIVED,SIMULATED
S4-4,S4,Signaling,59,2027-02-22,CURRENT,1.0,4,8000000.0,2000000.0,DERIVED,SIMULATED
S4-4,S4,Signaling,59,2027-02-22,RECOVERY,1.0,4,8000000.0,2000000.0,DERIVED,SIMULATED
S4-4,S4,Signaling,60,2027-03-01,BASELINE,4.0,4,8000000.0,8000000.0,DERIVED,SIMULATED
S4-4,S4,Signaling,60,2027-03-01,CURRENT,1.0,4,8000000.0,2000000.0,DERIVED,SIMULATED
S4-4,S4,Signaling,60,2027-03-01,RECOVERY,1.0,4,8000000.0,2000000.0,DERIVED,SIMULATED
S4-4,S4,Signaling,61,2027-03-08,BASELINE,4.0,4,8000000.0,8000000.0,DERIVED,SIMULATED
S4-4,S4,Signaling,61,2027-03-08,CURRENT,1.0,4,8000000.0,2000000.0,DERIVED,SIMULATED
S4-4,S4,Signaling,61,2027-03-08,RECOVERY,1.0,4,8000000.0,2000000.0,DERIVED,SIMULATED
S4-4,S4,Signaling,62,2027-03-15,BASELINE,4.0,4,8000000.0,8000000.0,DERIVED,SIMULATED
S4-4,S4,Signaling,62,2027-03-15,CURRENT,1.0,4,8000000.0,2000000.0,DERIVED,SIMULATED
S4-4,S4,Signaling,62,2027-03-15,RECOVERY,1.0,4,8000000.0,2000000.0,DERIVED,SIMULATED
S4-4,S4,Signaling,63,2027-03-22,BASELINE,4.0,4,8000000.0,8000000.0,DERIVED,SIMULATED
S4-4,S4,Signaling,63,2027-03-22,CURRENT,1.0,4,8000000.0,2000000.0,DERIVED,SIMULATED
S4-4,S4,Signaling,63,2027-03-22,RECOVERY,1.0,4,8000000.0,2000000.0,DERIVED,SIMULATED
S4-4,S4,Signaling,64,2027-03-29,BASELINE,4.0,4,8000000.0,8000000.0,DERIVED,SIMULATED
S4-4,S4,Signaling,64,2027-03-29,CURRENT,1.0,4,8000000.0,2000000.0,DERIVED,SIMULATED
S4-4,S4,Signaling,64,2027-03-29,RECOVERY,1.0,4,8000000.0,2000000.0,DERIVED,SIMULATED
S4-4,S4,Signaling,65,2027-04-05,BASELINE,4.0,4,8000000.0,8000000.0,DERIVED,SIMULATED
S4-4,S4,Signaling,65,2027-04-05,CURRENT,1.0,4,8000000.0,2000000.0,DERIVED,SIMULATED
S4-4,S4,Signaling,65,2027-04-05,RECOVERY,1.0,4,8000000.0,2000000.0,DERIVED,SIMULATED
S4-4,S4,Signaling,66,2027-04-12,BASELINE,4.0,4,8000000.0,8000000.0,DERIVED,SIMULATED
S4-4,S4,Signaling,66,2027-04-12,CURRENT,1.0,4,8000000.0,2000000.0,DERIVED,SIMULATED
S4-4,S4,Signaling,66,2027-04-12,RECOVERY,1.0,4,8000000.0,2000000.0,DERIVED,SIMULATED
S4-4,S4,Signaling,67,2027-04-19,BASELINE,4.0,4,8000000.0,8000000.0,DERIVED,SIMULATED
S4-4,S4,Signaling,67,2027-04-19,CURRENT,1.0,4,8000000.0,2000000.0,DERIVED,SIMULATED
S4-4,S4,Signaling,67,2027-04-19,RECOVERY,1.0,4,8000000.0,2000000.0,DERIVED,SIMULATED
S4-4,S4,Signaling,68,2027-04-26,BASELINE,4.0,4,8000000.0,8000000.0,DERIVED,SIMULATED
S4-4,S4,Signaling,68,2027-04-26,CURRENT,1.0,4,8000000.0,2000000.0,DERIVED,SIMULATED
S4-4,S4,Signaling,68,2027-04-26,RECOVERY,1.0,4,8000000.0,2000000.0,DERIVED,SIMULATED
S4-4,S4,Signaling,69,2027-05-03,BASELINE,4.0,4,8000000.0,8000000.0,DERIVED,SIMULATED
S4-4,S4,Signaling,69,2027-05-03,CURRENT,1.0,4,8000000.0,2000000.0,DERIVED,SIMULATED
S4-4,S4,Signaling,69,2027-05-03,RECOVERY,1.0,4,8000000.0,2000000.0,DERIVED,SIMULATED
S4-4,S4,Signaling,70,2027-05-10,BASELINE,4.0,4,8000000.0,8000000.0,DERIVED,SIMULATED
S4-4,S4,Signaling,70,2027-05-10,CURRENT,1.0,4,8000000.0,2000000.0,DERIVED,SIMULATED
S4-4,S4,Signaling,70,2027-05-10,RECOVERY,1.0,4,8000000.0,2000000.0,DERIVED,SIMULATED
S4-4,S4,Signaling,71,2027-05-17,BASELINE,4.0,4,8000000.0,8000000.0,DERIVED,SIMULATED
S4-4,S4,Signaling,71,2027-05-17,CURRENT,1.0,4,8000000.0,2000000.0,DERIVED,SIMULATED
S4-4,S4,Signaling,71,2027-05-17,RECOVERY,1.0,4,8000000.0,2000000.0,DERIVED,SIMULATED
S4-4,S4,Signaling,72,2027-05-24,BASELINE,4.0,4,8000000.0,8000000.0,DERIVED,SIMULATED
S4-4,S4,Signaling,72,2027-05-24,CURRENT,1.0,4,8000000.0,2000000.0,DERIVED,SIMULATED
S4-4,S4,Signaling,72,2027-05-24,RECOVERY,1.0,4,8000000.0,2000000.0,DERIVED,SIMULATED
S4-4,S4,Signaling,73,2027-05-31,BASELINE,4.0,4,8000000.0,8000000.0,DERIVED,SIMULATED
S4-4,S4,Signaling,73,2027-05-31,CURRENT,1.0,4,8000000.0,2000000.0,DERIVED,SIMULATED
S4-4,S4,Signaling,73,2027-05-31,RECOVERY,1.0,4,8000000.0,2000000.0,DERIVED,SIMULATED
S4-4,S4,Signaling,74,2027-06-07,BASELINE,4.0,4,8000000.0,8000000.0,DERIVED,SIMULATED
S4-4,S4,Signaling,74,2027-06-07,CURRENT,1.0,4,8000000.0,2000000.0,DERIVED,SIMULATED
S4-4,S4,Signaling,74,2027-06-07,RECOVERY,1.0,4,8000000.0,2000000.0,DERIVED,SIMULATED
S4-4,S4,Signaling,75,2027-06-14,BASELINE,4.0,4,8000000.0,8000000.0,DERIVED,SIMULATED
S4-4,S4,Signaling,75,2027-06-14,CURRENT,1.0,4,8000000.0,2000000.0,DERIVED,SIMULATED
S4-4,S4,Signaling,75,2027-06-14,RECOVERY,1.0,4,8000000.0,2000000.0,DERIVED,SIMULATED
S4-4,S4,Signaling,76,2027-06-21,BASELINE,4.0,4,8000000.0,8000000.0,DERIVED,SIMULATED
S4-4,S4,Signaling,76,2027-06-21,CURRENT,1.0,4,8000000.0,2000000.0,DERIVED,SIMULATED
S4-4,S4,Signaling,76,2027-06-21,RECOVERY,1.0,4,8000000.0,2000000.0,DERIVED,SIMULATED
S4-4,S4,Signaling,77,2027-06-28,BASELINE,4.0,4,8000000.0,8000000.0,DERIVED,SIMULATED
S4-4,S4,Signaling,77,2027-06-28,CURRENT,1.0,4,8000000.0,2000000.0,DERIVED,SIMULATED
S4-4,S4,Signaling,77,2027-06-28,RECOVERY,1.0,4,8000000.0,2000000.0,DERIVED,SIMULATED
S4-4,S4,Signaling,78,2027-07-05,BASELINE,4.0,4,8000000.0,8000000.0,DERIVED,SIMULATED
S4-4,S4,Signaling,78,2027-07-05,CURRENT,1.0,4,8000000.0,2000000.0,DERIVED,SIMULATED
S4-4,S4,Signaling,78,2027-07-05,RECOVERY,1.0,4,8000000.0,2000000.0,DERIVED,SIMULATED
S4-4,S4,Signaling,79,2027-07-12,BASELINE,4.0,4,8000000.0,8000000.0,DERIVED,SIMULATED
S4-4,S4,Signaling,79,2027-07-12,CURRENT,1.0,4,8000000.0,2000000.0,DERIVED,SIMULATED
S4-4,S4,Signaling,79,2027-07-12,RECOVERY,1.0,4,8000000.0,2000000.0,DERIVED,SIMULATED
S4-4,S4,Signaling,80,2027-07-19,BASELINE,4.0,4,8000000.0,8000000.0,DERIVED,SIMULATED
S4-4,S4,Signaling,80,2027-07-19,CURRENT,1.0,4,8000000.0,2000000.0,DERIVED,SIMULATED
S4-4,S4,Signaling,80,2027-07-19,RECOVERY,1.0,4,8000000.0,2000000.0,DERIVED,SIMULATED
S4-4,S4,Signaling,81,2027-07-26,BASELINE,4.0,4,8000000.0,8000000.0,DERIVED,SIMULATED
S4-4,S4,Signaling,81,2027-07-26,CURRENT,1.0,4,8000000.0,2000000.0,DERIVED,SIMULATED
S4-4,S4,Signaling,81,2027-07-26,RECOVERY,1.0,4,8000000.0,2000000.0,DERIVED,SIMULATED
S4-4,S4,Signaling,82,2027-08-02,BASELINE,4.0,4,8000000.0,8000000.0,DERIVED,SIMULATED
S4-4,S4,Signaling,82,2027-08-02,CURRENT,1.0,4,8000000.0,2000000.0,DERIVED,SIMULATED
S4-4,S4,Signaling,82,2027-08-02,RECOVERY,1.0,4,8000000.0,2000000.0,DERIVED,SIMULATED
